Well_ID,b_value,Seismo_index,Shear_Strain,Shmin,Shmax_variation,PP_grad,ppgrad_SD,Montney-Top,Montney-Mid,Lower_Form,Dist_Faults,Dist_CTB,Mon_Thickness,Mag
5,0.914,-1.66,4.46,37.23,3.2,12.03,0.469910435,2046.01,2177.89,2355.11,3.81,83.11,309.1,1.7
6,0.927,-1.6,4.47,41.27,2.24,9.6,5.859622571,1834.71,1993.58,2130.3,0.07,78.94,295.59,1.5
17,0.904,-1.74,4.29,35.58,9.58,10.66,0.96798923,1971.88,2035.77,2284.91,2.98,111.94,313.03,1.7
20,0.923,-1.33,4.54,38.46,4.78,14.92,2.262393681,1891.47,1969.99,2160.3,2.2,63.67,268.83,1.5
45,0.906,-1.51,4.47,41.01,1.41,9.14,4.372358688,1970.03,2045.42,2258.56,0.16,76.38,288.53,2.1
51,0.908,-1.66,4.46,40.16,3.19,13.05,1.135501379,2073.52,2199.91,2378.75,2.38,82.36,305.23,1.7
54,0.922,-1.68,4.38,36.89,4.62,9.03,4.421645018,2068.55,2148.27,2335.29,10.35,97.69,266.74,2.7
63,0.913,-1.67,4.43,40.84,3.29,11.6,0.867733545,1946.82,2119.34,2255.08,0.26,87.44,308.26,1.6
68,0.916,-1.67,4.45,38.09,3.2,13.26,0.365211118,2022.7,2131.78,2331.48,0.67,85.48,308.78,1.6
73,0.93,-1.36,4.51,37.95,4.06,14.34,0.996673188,1787.48,1904.81,2061.48,2.32,68.2,274,1.6
77,0.927,-1.35,4.52,38.38,4.91,15.74,2.469683183,1803.55,1891.83,2073.38,0.21,65.87,269.83,1.5
84,0.922,-1.68,4.36,38.1,5,12.65,2.638156197,2073.23,2176.59,2376.13,7.53,101.99,302.9,2.4
87,0.918,-1.69,4.35,37.04,5,11.31,2.158142578,2010.47,2086.29,2312.26,5.77,103.53,301.79,2.1
106,0.909,-1.67,4.43,39.46,3.21,13.39,0.551276836,2022.7,2051.8,2327.37,0.37,86.6,304.67,1.9
131,0.915,-1.69,4.34,35.04,5.02,11.78,2.158142578,2010.47,2086.29,2315.71,4.53,104.62,305.24,2.1
149,0.941,-0.9,4.69,43.15,6.93,12.98,1.823693235,1979.6,2112.84,2310.26,1.07,15.41,330.66,2
150,0.856,-1.17,4.47,36.02,0.79,10.65,1.978107054,1729.09,1828.97,2013.71,0.71,62.29,284.62,1.6
158,0.912,-1.67,4.42,39.34,3.63,11.57,1.957241007,1992.99,2098.3,2294.49,3.4,89.73,301.5,2.3
181,0.927,-1.68,4.36,35.68,6.54,9.78,0.537672102,2041.63,2122.53,2357.53,3.29,101.52,315.9,1.5
187,0.926,-1.36,4.52,37.95,4.06,14.28,1.55916003,1803.55,1904.81,2077.55,1.63,67.44,274,1.6
191,0.909,-1.63,4.47,37.57,3.14,11.35,3.625946155,2085.65,2150.49,2389.99,1.52,79.25,304.34,2.4
209,0.923,-1.61,4.48,40.14,2.95,12.28,3.354550492,2097.07,2128.51,2400.71,0.39,76.98,303.64,2.3
219,0.92,-1.66,4.45,37.58,3.6,12.91,0.753753141,2044.44,2228.46,2343.14,5.86,87.61,298.7,2.4
257,0.98,-0.91,4.71,46.96,7.82,13.57,1.748617066,2111.41,2160.13,2457.74,3.82,7.51,346.33,2.4
265,0.875,-1.2,4.64,46.62,1.93,14.61,0.887903605,2549.46,2610.52,2819.23,3.76,49.67,269.77,2
267,0.916,-1.69,4.34,33.31,4.61,10.63,3.968318818,1884.27,1974.69,2200.23,1.51,103.12,315.96,1.8
274,0.914,-1.67,4.44,39.63,3.23,11.81,0.494779124,2022.7,2131.78,2331.67,0.59,86.22,308.97,2.1
275,0.924,-1.4,4.5,36.79,1.62,16.87,1.081470333,1804.22,1932.48,2082.28,1.59,71.07,278.06,2.8
280,0.926,-1.35,4.52,39.08,4.91,14.05,1.55916003,1803.55,1891.83,2075.62,1.24,67,272.07,1.6
288,0.909,-1.63,4.47,38.18,3.14,11.37,3.625946155,2085.65,2150.49,2389.99,1.63,78.97,304.34,2.4
306,0.924,-1.36,4.49,37.7,3.29,16.1,4.16865617,1763.68,1874.4,2040.35,0.37,71.21,276.67,1.4
314,0.903,-1.48,4.52,42.61,0.16,14.19,0.723278281,2058.06,2163.85,2344.85,0.28,70.28,286.79,1.5
327,0.914,-1.66,4.46,37.23,3.2,12.65,0.469910435,2046.01,2177.89,2355.11,3.7,83.27,309.1,2.1
342,0.922,-1.68,4.38,39.35,4.83,13.74,2.801718697,2095.83,2184.55,2421.55,11.25,98.02,325.72,2.2
355,0.921,-1.68,4.42,41.27,4.71,9.86,0.937611422,2019.14,2076.93,2266.83,8.63,93.19,247.69,1.6
357,0.875,-1.2,4.64,47.45,1.93,14.23,0.887903605,2549.46,2610.52,2819.9,3.66,49.57,270.44,2
366,0.916,-1.68,4.33,36.09,6.67,10.06,1.213097804,2008.81,2051.8,2324.23,5.05,105.88,315.42,2
368,0.908,-1.66,4.46,40.16,3.19,12.72,0.284552674,2073.52,2199.91,2380.28,2.19,82.84,306.76,3
375,0.922,-1.68,4.37,36.89,4.65,8.95,2.459765132,2008.87,2148.27,2269.28,8.93,99.03,260.41,2.2
379,0.916,-1.67,4.45,38.09,3.2,12.78,0.365211118,2022.7,2131.78,2331.48,0.67,85.51,308.78,1.6
389,0.91,-1.68,4.4,39.11,3.7,12.63,2.007227528,1964.96,2021.69,2269.18,0.04,93.23,304.22,2.3
390,0.908,-1.64,4.46,37.4,3.19,12.05,1.106794164,2051.17,2126.67,2356.06,0.95,82.18,304.89,1.9
392,0.927,-1.35,4.52,39.08,4.91,15.88,1.55916003,1803.55,1891.83,2075.62,0.81,66.53,272.07,1.5
404,0.922,-1.68,4.35,38.1,5,12.87,2.638156197,2073.23,2176.59,2373.5,7.29,102.24,300.27,3.2
407,0.933,-1.33,4.54,40.07,7.33,15.09,1.536165888,1791.17,1886.7,2057.77,2.16,62.42,266.6,1.9
415,0.918,-1.69,4.34,37.04,5,11.55,2.125748109,2073.23,2086.29,2375.02,5.97,103.38,301.79,2.1
438,0.924,-1.36,4.49,37.7,3.29,15.88,4.16865617,1763.68,1874.4,2040.35,0.14,70.95,276.67,2.3
453,0.926,-1.34,4.51,39.92,5.76,16,1.128938549,1775.74,1853.17,2047.26,0.03,66.71,271.52,2
455,0.915,-1.69,4.33,35.04,5.02,12.38,2.158142578,2010.47,2086.29,2315.71,4.26,104.88,305.24,2.4
462,0.915,-1.69,4.34,34.54,4.93,10.84,1.220276636,1909.29,2046.31,2215.62,3.32,104.87,306.33,1.8
466,0.913,-1.7,4.33,34.93,5.04,11.2,1.602603979,1877.47,1985.01,2192.28,2.61,106.49,314.81,1.5
474,0.919,-1.3,4.56,40.09,5.37,15.6,2.262393681,1874.5,2043.2,2141.57,0.43,60.95,267.07,1.6
486,0.941,-0.9,4.69,43.15,6.93,12.44,1.823693235,1979.6,2112.84,2310.26,1.16,15.63,330.66,2
496,0.922,-1.37,4.53,38.19,3.1,14.48,1.818015105,1883.38,1992.79,2156.98,0.39,66.48,273.6,2.7
514,0.922,-1.68,4.38,39.35,4.83,13.76,2.801718697,2095.83,2184.55,2407.07,10.86,98.36,311.24,2.2
517,0.918,-0.87,4.7,34.05,6.4,13.01,2.037313355,2009.04,2107.16,2323.88,7.5,17.14,314.84,1.6
537,0.918,-1.69,4.38,36.9,4.16,12.63,0.161835363,1944.67,2000.44,2252.2,0.14,97.14,307.53,2
543,0.91,-1.68,4.4,39.11,3.7,12.63,1.114795355,1964.96,2021.69,2269.18,0.02,93.46,304.22,2.3
544,0.908,-1.64,4.46,37.4,3.19,12.29,1.106794164,2051.17,2126.67,2356.06,0.85,82.25,304.89,2
551,0.922,-1.68,4.35,37.04,5,11.61,2.125748109,2073.23,2176.59,2373.5,6.93,102.54,300.27,1.5
556,0.927,-1.33,4.54,40.07,7.38,15.19,1.536165888,1780.72,1886.7,2047.51,1.59,62.83,266.79,1.9
565,0.918,-1.69,4.34,37.04,5.02,11.57,2.158142578,2010.47,2086.29,2312.26,5.59,103.72,301.79,2.1
566,0.915,-1.65,4.46,36.91,3.39,10.42,3.356123089,2105.44,2220.83,2403.56,7.88,83.81,298.12,1.8
569,0.931,-1.34,4.53,39.88,7.38,14,1.536165888,1752.14,1823.36,2019.23,0.26,63.51,267.09,1.7
577,0.909,-1.67,4.43,40.64,3.26,14.31,0.552727529,2022.7,2051.8,2327.37,0.17,87.25,304.67,2.7
579,0.922,-1.38,4.48,37.72,2.49,16.25,2.755225927,1774.21,1858.4,2051.88,1.42,72.83,277.67,3
595,0.915,-1.69,4.35,37.55,4.91,11.97,1.225865755,2034.9,2046.31,2336.92,4.77,103.62,302.02,1.8
607,0.913,-1.7,4.33,34.93,5.04,11.22,1.602603979,1877.47,1985.01,2192.28,2.28,106.72,314.81,1.5
614,0.92,-1.31,4.56,40.09,5.37,15.57,2.262393681,1874.5,2043.2,2141.96,0.9,61.34,267.46,1.6
622,0.918,-1.37,4.53,38.67,2.92,14.14,1.818015105,1883.38,2041.52,2156.88,0.78,65.41,273.5,2.3
624,0.914,-1.66,4.46,37.69,3.22,13.23,0.391756254,2045.2,2177.89,2345.77,3.23,84,300.57,2.3
636,0.919,-0.87,4.7,34.05,6.19,12.58,2.037313355,2009.04,2117.32,2323.88,7.6,17.45,314.84,1.6
641,0.875,-1.2,4.64,46.62,1.93,15.02,0.887903605,2549.46,2610.52,2819.23,3.89,49.8,269.77,2
655,0.919,-1.42,4.48,38.34,0.96,12.9,3.046277007,1764.08,1885.97,2043.94,1.29,74.49,279.86,1.6
665,0.922,-1.38,4.48,37.45,3.29,16.3,4.16865617,1763.68,1858.4,2040.35,0.8,71.67,276.67,3
696,0.913,-1.66,4.44,40.6,3.32,12.45,0.69242531,2054.41,2134.45,2355.14,3.2,86.58,300.73,1.7
701,0.874,-1.2,4.64,46.62,1.93,15.47,0.598522385,2549.46,2610.52,2819.23,4.45,50.32,269.77,2
711,0.909,-1.63,4.47,37.57,3.14,11.52,3.630815321,2085.65,2150.49,2389.99,1.38,79.42,304.34,2.4
751,0.922,-1.68,4.39,35.46,4.59,9.78,4.517981365,2068.55,2176.25,2335.29,11.76,96.5,266.74,1.9
755,0.927,-1.6,4.46,41.27,2.24,9.47,5.803664221,1834.71,1955.24,2126.9,0.22,79.29,292.19,2.6
763,0.908,-1.51,4.48,40.7,1.52,8.88,4.372358688,1966.79,2045.42,2255.32,1.18,75.57,288.53,2.1
770,0.922,-1.68,4.36,38.1,4.98,12.4,0.832550047,2092.76,2176.59,2395.66,8.71,100.95,302.9,1.7
775,0.884,-0.89,4.48,39.31,6.51,12.99,0.702148335,1836.28,1949.47,2126.29,2.58,49.29,290.01,1.7
780,0.908,-1.66,4.46,40.16,3.19,13.07,0.284552674,2073.52,2199.91,2378.75,2.06,82.61,305.23,1.7
783,0.922,-1.68,4.38,36.89,4.62,9.06,3.46762094,2068.55,2148.27,2328.96,9.96,98.03,260.41,2.7
794,0.927,-1.68,4.35,35.68,6.54,13.06,0.537672102,2060.29,2122.53,2375.14,2.79,102.03,314.85,2.5
796,0.913,-1.67,4.43,40.84,3.29,12.3,0.867733545,1946.82,2119.34,2255.08,0.07,87.69,308.26,1.7
797,0.924,-1.41,4.5,38.31,1.69,16.97,1.117826341,1774.83,1932.48,2052.8,0.71,72.3,277.97,1.6
812,0.922,-1.68,4.36,38.1,5,12.71,2.512872574,2073.23,2176.59,2373.5,7.14,102.34,300.27,2.4
816,0.908,-1.77,4.22,35.88,12.79,11.46,1.217988906,1737.91,1768.38,2048.21,0.26,122.7,310.3,2.2
817,0.918,-1.69,4.34,37.04,5.02,11.56,2.158142578,2010.47,2086.29,2312.26,5.58,103.7,301.79,2.1
825,0.908,-1.61,4.5,35.65,3.19,9.99,4.08617402,2217.74,2281.65,2525.2,8.65,75.96,307.46,1.4
826,0.91,-1.68,4.39,39.05,3.75,13.65,3.316910654,1863.48,1989.24,2168.52,1.69,94.39,305.04,2
832,0.909,-1.67,4.43,39.46,3.21,13.56,0.551276836,2022.7,2051.8,2327.37,0.02,86.9,304.67,1.8
834,0.923,-1.61,4.48,40.14,2.95,11.99,3.354550492,2097.07,2128.51,2400.71,0.26,77.16,303.64,2.3
842,0.913,-1.69,4.37,38.29,3.91,13.74,1.923709638,1892.54,1966.98,2200.41,2.79,97.45,307.87,1.6
850,0.915,-1.65,4.46,36.76,3.32,12.48,1.020600236,2105.44,2168.12,2405.27,6.35,84.68,299.83,1.7
876,0.922,-1.68,4.4,36.62,4.56,10.37,4.613340977,2082.78,2261.84,2374.32,13.35,95.04,291.54,2.4
884,0.927,-1.6,4.46,41.27,2.24,9.48,5.803664221,1887.67,1955.24,2181.47,0.03,79.63,293.8,1.5
889,0.907,-1.66,4.46,36.24,3.19,12.44,1.135501379,2073.52,2199.91,2380.32,3.17,81.76,306.8,1.9
896,0.908,-1.51,4.48,40.7,1.52,9.31,4.372358688,1970.03,2045.42,2258.56,0.88,75.81,288.53,2.1
902,0.922,-1.68,4.36,38.1,4.98,11.31,3.022208084,2073.23,2176.59,2376.13,8.02,101.56,302.9,1.7
916,0.922,-1.68,4.38,36.89,4.62,9.09,3.46762094,2008.87,2148.27,2269.28,9.58,98.35,260.41,2.7
921,0.913,-1.67,4.43,40.84,3.29,12.24,0.867733545,1946.82,2119.34,2255.08,0.32,87.87,308.26,1.6
925,0.916,-1.63,4.49,39.6,3.21,9.74,3.717704177,2103.62,2262.05,2403.44,9.18,79.02,299.82,1.7
934,0.922,-1.68,4.35,37.04,5,11.23,2.125748109,2073.23,2086.29,2373.5,6.54,102.85,300.27,2.4
938,0.915,-1.69,4.34,35.04,5.02,11.79,2.158142578,2010.47,2086.29,2312.26,5.11,104.11,301.79,2.1
939,0.93,-1.34,4.53,39.88,7.3,14.21,1.536165888,1752.14,1823.36,2017.17,0.11,63.7,265.03,1.7
948,0.91,-1.68,4.39,39.05,3.75,13.17,3.316910654,1863.48,1989.24,2168.52,1.81,94.53,305.04,2
956,0.909,-1.67,4.43,40.64,3.22,13.61,0.552727529,1924.89,2051.8,2227.19,0.53,87.3,302.3,1.8
966,0.913,-1.69,4.37,38.4,3.98,14.12,1.923709638,1892.54,1941.36,2200.02,3.17,97.75,307.48,1.8
992,0.911,-1.67,4.41,41.05,3.24,13.73,0.421982824,1929.11,2017.36,2229.97,0.61,89.83,300.86,1.6
1008,0.874,-1.2,4.64,46.62,1.93,14.79,0.598522385,2431.31,2610.52,2701.08,4.76,50.66,269.77,2
1009,0.916,-1.69,4.36,35.18,4.39,12.35,2.783872756,1935.01,1993.05,2243.5,0.7,102.4,308.49,2
1025,0.914,-1.45,4.47,39.7,0.24,13.45,0.508411795,1760.28,1888.64,2043.65,2.71,77.21,283.37,1.4
1112,0.925,-1.39,4.48,37.72,2.49,14.62,2.755225927,1774.21,1852.42,2052.88,1.46,73.46,278.67,3
1125,0.914,-1.66,4.45,38.22,3.26,12.48,1.017549901,2048.56,2168.12,2349.46,4.41,85.06,300.9,2.3
1137,0.922,-1.37,4.53,38.19,3.1,14.53,1.818015105,1800.59,1992.79,2075.86,0.72,66.8,275.27,2.7
1138,0.922,-1.37,4.53,38.19,3.1,14.53,1.818015105,1800.59,1992.79,2075.86,0.72,66.8,275.27,1.6
1162,0.922,-1.68,4.35,38.1,4.98,11.58,3.022208084,2073.23,2176.59,2376.13,7.97,101.63,302.9,3.2
1163,0.909,-1.63,4.49,38.84,3.16,11.13,3.625946155,2121.75,2150.49,2425.1,2.38,78.05,303.35,2.3
1164,0.913,-1.44,4.48,40.33,0.21,11.75,4.029982407,1793.06,1988.25,2073.79,0.68,73.89,280.73,1.6
1174,0.908,-1.66,4.45,40.16,3.19,13.17,0.284552674,2073.52,2124.33,2380.28,1.47,83.45,306.76,1.6
1182,0.921,-1.61,4.5,43.83,2.79,13.18,1.415355817,1995.75,2156.69,2299.62,0.91,75.33,303.87,2.3
1189,0.91,-1.68,4.4,39.11,3.7,12.68,1.384758215,1964.96,2021.69,2269.18,0.25,93.63,304.22,2.3
1193,0.922,-1.68,4.34,37.04,5,11.61,2.125748109,2073.23,2086.29,2373.5,6.51,102.92,300.27,1.5
1197,0.925,-1.33,4.54,40.07,7.38,14.85,1.536165888,1780.72,1886.7,2047.51,1.37,63.03,266.79,1.9
1203,0.922,-1.42,4.49,38.31,1.69,16.75,1.117826341,1774.83,1932.48,2052.8,0.38,72.76,277.97,1.6
1210,0.915,-1.69,4.34,35.04,5.02,12,2.158142578,2010.47,2086.29,2312.26,5.03,104.2,301.79,2
1211,0.915,-1.65,4.46,37.06,3.39,9.86,3.356123089,2105.44,2220.83,2403.23,7.55,84.1,297.79,1.8
1218,0.909,-1.67,4.43,40.64,3.26,14.34,0.909127687,1924.89,2051.8,2230.51,0.38,87.41,305.62,2.7
1221,0.907,-1.7,4.31,36.03,5.5,11.37,1.199557546,1899.68,1998.88,2212.84,0.64,110.25,313.16,2.5
1243,0.913,-1.7,4.33,34.93,5.04,11.55,1.325821819,1877.47,1985.01,2193.41,2.05,106.81,315.94,1.4
1247,0.914,-1.67,4.43,38.73,3.49,11.37,0.877025255,2006.41,2177.89,2306.38,4.2,88.5,299.97,1.6
1253,0.91,-1.52,4.49,41.12,1.62,11.41,4.557316518,1966.79,2128.11,2255.89,0.23,74.92,289.1,2.5
1258,0.92,-1.37,4.53,38.19,2.92,14.21,1.818015105,1883.38,2041.52,2156.88,0.47,65.69,273.5,1.4
1294,0.911,-1.67,4.43,40.63,3.27,13.14,1.380266235,1946.82,2119.34,2256.19,0.66,87.61,309.37,1.7
1296,0.914,-1.71,4.29,36.88,8.58,11.83,0.459632703,1924.17,1973.48,2242.65,1.78,111.3,318.48,1.7
1297,0.922,-1.68,4.35,38.1,4.98,11.6,3.022208084,2073.23,2176.59,2376.13,7.65,101.91,302.9,3.2
1313,0.908,-1.66,4.45,40.16,3.19,12.91,0.284552674,2073.52,2124.33,2378.62,1.38,83.48,305.1,1.6
1315,0.922,-1.68,4.37,36.89,4.62,8.71,2.459765132,2008.87,2148.27,2269.28,9.11,98.88,260.41,2.2
1342,0.917,-1.69,4.33,37.89,5.24,9.8,1.872279844,2058.01,2103.34,2374.74,5.37,104.76,316.73,1.5
1347,0.918,-1.69,4.34,37.04,5,11.63,2.125748109,2073.23,2086.29,2373.5,6.13,103.24,300.27,1.5
1359,0.915,-1.69,4.34,35.04,5.02,12.02,2.158142578,2010.47,2086.29,2312.26,4.65,104.54,301.79,2
1377,0.909,-1.67,4.42,40.64,3.26,14.4,0.909127687,1924.89,2051.8,2227.19,0.82,87.75,302.3,2.7
1386,0.907,-1.7,4.31,35.61,5.5,11.4,1.199557546,1817.66,1876.07,2130.82,0.24,110.64,313.16,2.5
1400,0.915,-1.69,4.33,34.93,5.04,11.14,1.602603979,1877.47,1985.01,2192.89,3.03,106.06,315.42,1.5
1405,0.915,-1.69,4.34,34.54,4.93,11.79,1.220276636,1909.29,2046.31,2215.62,3.82,104.44,306.33,1.8
1413,0.913,-1.7,4.32,32.1,5.06,12.65,1.325821819,1877.47,1905.76,2193.41,1.71,107.11,315.94,1.4
1426,0.922,-1.33,4.55,38.23,4.78,15.12,0.857271666,1891.47,2084.08,2160.3,2.18,63.73,268.83,2.2
1427,0.87,-0.86,4.63,41.03,5.43,14.02,1.860320859,1861.74,2006.4,2192.73,4.78,28.44,330.99,1.6
1442,0.94,-0.9,4.72,45.3,6.86,12.88,2.037313355,2104.14,2124.29,2428.84,7.68,12.41,324.7,2.2
1443,0.916,-1.69,4.35,31.21,4.61,10.78,3.968318818,1884.27,1974.69,2200.23,1.7,102.9,315.96,1.8
1452,0.911,-1.68,4.43,40.54,3.33,13.51,0.808545613,2047.41,2104.43,2356.78,0.73,88.09,309.37,1.7
1456,0.91,-1.68,4.42,40.55,3.42,13.79,0.533136809,1983.45,2089.01,2285.93,0.56,89.6,302.48,2.1
1458,0.909,-1.63,4.48,38.18,3.16,11.36,3.625946155,2085.65,2150.49,2389,1.96,78.58,303.35,2.4
1468,0.914,-1.67,4.44,39.63,3.23,11.05,0.494779124,2022.7,2119.34,2331.67,0.83,86.1,308.97,2
1483,0.912,-1.69,4.33,38.53,5.24,9.83,1.872279844,2058.01,2103.34,2374.74,5.06,105.15,316.73,1.5
1495,0.92,-1.66,4.45,37.58,3.6,11.79,0.753753141,2044.44,2228.46,2342.91,5.96,86.76,298.47,2.4
1496,0.91,-1.68,4.39,39.05,3.75,12.45,2.703657538,1863.48,1989.24,2167.81,2.27,94.31,304.33,2
1521,0.911,-1.67,4.42,39.33,3.5,11.51,1.957241007,1992.99,2098.3,2294.49,3.66,89.41,301.5,2.3
1537,0.942,-0.9,4.72,44.56,6.86,13.24,2.037313355,2104.14,2106.01,2423.84,7.71,12.96,319.7,2.2
1540,0.926,-1.65,4.47,40.52,3.6,12.23,0.15363466,2124.24,2289.9,2418.54,2.23,83.21,294.3,1.5
1546,0.911,-1.68,4.43,40.54,3.33,12.44,1.247653171,1983.45,2104.43,2292.82,0.58,88.31,309.37,2.3
1547,0.91,-1.68,4.42,40.55,3.42,14.61,0.533136809,1964.55,2089.01,2267.03,0.54,90.13,302.48,2.1
1576,0.921,-1.42,4.49,38.98,0.96,16.69,2.267219749,1764.08,1932.91,2042.35,0.6,74.29,278.27,1.4
1585,0.92,-1.66,4.45,37.58,3.6,11.84,0.753753141,2044.44,2228.46,2342.91,5.93,87.09,298.47,2.4
1586,0.91,-1.68,4.39,39.05,3.75,12.76,3.121439836,1863.48,1989.24,2167.81,2.36,94.57,304.33,1.8
1633,0.915,-1.61,4.5,37.21,3.28,10.29,4.355735423,2133.95,2335.15,2430.69,6.59,78.64,296.74,2.2
1634,0.92,-0.87,4.7,34.05,6.42,13.13,2.037313355,2023.56,2107.16,2338.78,7.86,16.07,315.22,1.8
1643,0.93,-0.89,4.71,44.56,6.64,13.13,2.037313355,2059.16,2106.01,2378.86,7.55,13.93,319.7,2.2
1646,0.908,-1.66,4.46,36.1,3.19,12.49,1.135501379,2073.52,2199.91,2378.75,2.79,82.05,305.23,1.6
1649,0.906,-1.51,4.47,41.01,1.52,9.29,4.372358688,1970.03,2045.42,2258.56,0.3,76.27,288.53,2.1
1652,0.922,-1.68,4.36,38.81,4.98,11.23,0.832550047,2092.76,2190.9,2404.1,9.19,100.53,311.34,1.7
1661,0.922,-1.68,4.36,38.1,4.98,12.33,3.022208084,2073.23,2176.59,2376.13,7.73,101.82,302.9,2.4
1675,0.922,-1.68,4.37,36.89,4.62,9.38,3.46762094,2008.87,2148.27,2269.28,9.38,98.52,260.41,2.7
1686,0.913,-1.67,4.43,40.84,3.29,13.97,0.867733545,1946.82,2119.34,2254.21,0.54,88.17,307.39,1.6
1688,0.916,-1.63,4.49,39.6,3.21,9.06,3.717704177,2103.62,2262.05,2403.44,9.08,79.09,299.82,1.7
1691,0.926,-1.36,4.51,37.95,4.12,13.41,3.445458878,1787.48,1904.81,2062.33,2.16,68.62,274.85,1.6
1693,0.912,-1.69,4.33,38.53,5.37,9.62,0.863600717,1996.27,2071.2,2311.6,4.58,105.93,315.33,2
1697,0.91,-1.68,4.39,39.11,3.7,13.4,1.384758215,1964.96,2021.69,2270,0.89,94.08,305.04,2.3
1701,0.918,-1.69,4.35,37.04,5,11.27,2.125748109,2073.23,2086.29,2373.5,6.16,103.19,300.27,2.1
1705,0.915,-1.69,4.34,35.04,5.02,11.88,2.158142578,2010.47,2086.29,2312.26,4.72,104.45,301.79,2.1
1714,0.91,-1.68,4.39,39.05,3.75,13.63,3.121439836,1863.48,1989.24,2168.81,2.44,94.88,305.33,1.8
1724,0.909,-1.67,4.42,40.64,3.22,13.67,0.552727529,1924.89,2051.8,2227.19,0.84,87.53,302.3,1.4
1726,0.915,-1.69,4.34,34.54,4.83,12.04,1.220276636,1909.29,2046.31,2205.82,4.02,104.03,296.53,1.8
1755,0.913,-1.73,4.29,35.53,9.26,10.61,0.96798923,1971.88,2058.05,2285.76,3.31,111.55,313.88,1.7
1757,0.922,-1.33,4.55,38.23,4.56,15.05,0.857271666,1891.47,2084.08,2160.3,2.54,63.37,268.83,1.5
1770,0.922,-1.68,4.4,36.62,4.59,10.71,4.613340977,2082.78,2176.25,2364.43,12.59,95.69,281.65,1.9
1772,0.914,-1.66,4.46,37.23,3.2,13.41,0.550694598,2046.01,2177.89,2355.11,4.13,82.61,309.1,2.1
1773,0.911,-1.67,4.41,41.05,3.28,13.28,0.421982824,1929.11,2017.36,2229.97,1.04,90.18,300.86,1.6
1781,0.992,-0.89,4.74,46.43,8.5,14.01,1.089263689,2106.3,2241.3,2448.62,3.08,0.61,342.32,2
1800,1.005,-0.9,4.52,43.95,6.66,12.46,2.126642358,1934.36,1998.33,2229.97,0.23,8.84,295.61,2.5
1808,0.996,-0.92,4.43,41.96,4.68,9.79,3.828206528,1933.53,1993.97,2220.53,1.26,4.03,287,1.4
1827,0.991,-1.05,4.49,45.27,2.61,10.23,1.398931249,2024.11,2133.54,2315.04,1.79,18.7,290.93,2
1835,0.985,-0.94,4.26,25.72,5.9,12.79,1.752105567,1750.8,1785.51,2013.33,0.44,40.95,262.53,2
1839,0.974,-1.03,4.17,34.52,4.53,12.69,1.936686528,1634.18,1637.63,1900.05,1.22,47.97,265.87,1.6
1859,1.015,-0.86,4.83,49.36,9.48,12.08,1.077882252,2273.8,2466.3,2660.96,5.35,25.38,387.16,1.5
1861,0.99,-0.89,4.74,47.3,8.67,14.19,1.401624479,2159.07,2286.46,2507.49,0.34,2.48,348.42,1.7
1863,1.005,-0.91,4.51,39.26,7.88,13.77,0.744020796,1898.55,1910.7,2192.19,1.61,27.43,293.64,2
1966,0.998,-1.04,4.44,46.72,2.77,12.19,1.020054982,1965.74,2025.26,2248.81,1.83,9.1,283.07,2.4
1978,0.998,-1.05,4.46,48.97,2.69,11.45,1.204433483,1942.24,2064.44,2224.08,3.64,11.78,281.84,1.9
1979,0.996,-0.91,4.5,44.58,5.73,12.18,2.511083284,2038.09,2056.62,2338.65,0.83,0.68,300.56,1.5
1988,1.004,-0.87,4.79,50.57,8.6,11.29,1.77594537,2207.52,2422.2,2618.16,9.88,24.23,410.64,1.9
1989,0.981,-0.95,4.37,38.82,3.9,12.85,1.182179352,1752.17,1828.28,2021.32,0.21,10.04,269.15,1.9
2017,0.99,-1.06,4.39,22.14,1.81,10.56,1.121458575,1744.16,1897.44,2014.13,4,3.04,269.97,2.8
2030,0.998,-0.91,4.44,41.57,5.31,7.94,1.733137054,1896.71,1984.3,2187.46,0.42,6.93,290.75,1.7
2042,0.992,-0.94,4.44,41.03,4.19,9.77,3.137397174,1912.29,1991.03,2187.84,1.17,2.36,275.55,1.7
2067,0.992,-1.06,4.56,46.18,2.81,10.8,1.139019493,2022.17,2147.7,2338.5,1.12,32.56,316.33,1.8
2085,0.982,-0.89,4.77,46.68,8.95,12.79,1.089263689,2197.13,2446.78,2550.22,1.39,3.15,353.09,1.8
2108,1.001,-0.92,4.49,45.58,4.64,10.11,3.001268833,2089.28,2164.37,2382.99,0.38,7.31,293.71,2.3
2109,0.978,-1.04,4.17,31.77,3.94,12.63,2.083053715,1557.15,1631.93,1824.93,2.93,45.96,267.78,1.6
2119,1.01,-0.9,4.54,40.6,6.78,11.84,2.126642358,1929.64,2000.16,2234.69,2.5,4.47,305.05,3.1
2126,1.01,-0.91,4.36,40.75,7.23,14.73,2.451274095,1844.44,1899.97,2123.55,3.53,36.51,279.11,1.8
2204,1.008,-0.91,4.38,41.77,7.73,13.7,1.202705253,1863.28,1911.41,2148.56,2.56,38.81,285.28,2.4
2222,0.987,-0.88,4.77,47.08,9.11,12.9,1.089263689,2303.83,2443.27,2652.73,2.87,5.45,348.9,1.7
2225,0.977,-0.9,4.82,57.64,9.97,11.95,0.906931556,2448.6,2556.61,2811.15,3.67,10.31,362.55,2
2271,0.983,-1.07,4.47,42.09,1.94,11.8,1.48811998,1841.3,1917.4,2127.88,1.86,18.68,286.58,3.6
2277,0.999,-0.91,4.47,40.03,5.62,13.75,3.279851503,2013.62,2056.17,2310.78,0.52,3.79,297.16,2.8
2302,1.006,-0.9,4.54,43.18,6.55,10.75,4.454294961,2097.08,2189.22,2397.72,4.32,2.16,300.64,1.5
2306,1.011,-0.91,4.6,41.02,7.26,12.16,1.602326559,1859.89,1968.76,2183.77,3.65,7.14,323.88,2.2
2316,0.993,-1.07,4.55,48.48,2.47,10.46,2.016266666,2087.54,2130.38,2407.09,0.66,32.61,319.55,1.6
2327,0.99,-1.08,4.51,35.06,1.57,11.18,2.1032525,1785.52,1938.65,2102.18,1.51,29.41,316.66,1.7
2344,1.01,-0.9,4.52,43.73,6.72,13.39,2.126642358,1853.08,1998.33,2151.94,0.25,8.35,298.86,3.1
2347,0.996,-0.9,4.56,43.05,6.33,13.46,1.688153679,2022.78,2172.55,2319.69,2.79,4.36,296.91,1.8
2386,0.981,-0.96,4.26,37.48,4.66,13.67,0.788940387,1684.35,1707.11,1957.11,2.73,33.06,272.76,2.1
2400,0.982,-1.14,4.47,35.38,0.5,10.05,0.636713543,1799.52,1913.89,2118.5,0.79,26.06,318.98,1.8
2433,0.991,-1.05,4.49,45.27,2.61,10.53,1.190934887,2024.11,2133.54,2315.04,1.56,18.99,290.93,2
2438,0.985,-0.94,4.26,25.72,5.9,13.71,1.752105567,1750.8,1785.51,2013.33,0.41,40.91,262.53,2
2460,0.99,-0.89,4.75,47.3,8.81,13.79,1.401624479,2271.2,2286.46,2619.62,0.17,2.66,348.42,1.7
2473,0.988,-1.04,4.33,37.56,3.37,12.3,1.529686242,1780.6,1835.1,2049.21,3.16,14.1,268.61,2.1
2517,1.006,-0.9,4.44,40.67,6.5,12.26,3.534523405,1828.61,1916.99,2114.05,0.08,16.18,285.44,2
2543,1.012,-0.9,4.47,40.93,7.05,14.33,1.799649976,1908.68,1978.58,2194.89,2.03,20.18,286.21,1.5
2565,0.982,-1.05,4.25,39.31,2.51,11.67,1.621736913,1694.33,1740.26,1965.9,0.59,25.3,271.57,2.4
2578,0.986,-1.09,4.45,43.69,1.48,11.35,1.244158581,1725.51,1839.37,2001.34,4.86,18.33,275.83,2.2
2584,0.996,-0.91,4.5,44.58,5.73,13.11,1.629956411,2038.09,2056.62,2338.65,0.65,1.02,300.56,1.5
2594,0.999,-0.91,4.5,44.58,5.73,13.69,2.511083284,2038.09,2056.62,2338.65,1.19,0.01,300.56,1.5
2617,0.983,-0.9,4.77,49.36,8.95,12.29,0.586218911,2197.13,2446.78,2550.22,1.43,2.9,353.09,2.3
2626,0.997,-0.91,4.43,43.38,5.4,8.24,1.733137054,1965.49,1989.96,2256.24,1.24,7.86,290.75,2.5
2643,1.009,-0.91,4.41,41.72,7.66,13.39,0.70156129,1859.93,1922.07,2148.52,1.23,35.16,288.59,1.6
2676,1.008,-0.9,4.66,48.19,7.05,11.57,2.249213373,2094.13,2177.91,2421.06,0.85,7.3,326.93,1.4
2690,0.98,-0.89,4.77,46.68,8.95,12.12,1.089263689,2197.13,2446.78,2550.22,1.49,3.32,353.09,1.8
2722,0.999,-0.9,4.45,41.13,6.27,13.87,2.6970964,1840.04,1920.76,2121.4,0.61,13.55,281.36,2.6
2842,0.987,-0.88,4.77,47.08,9.11,12.32,1.089263689,2303.83,2443.27,2651.13,2.5,5.05,347.3,1.7
2852,0.977,-0.9,4.82,57.64,9.97,11.48,0.906931556,2448.6,2556.61,2811.75,3.79,9.93,363.15,2
2862,0.977,-0.9,4.82,57.64,9.97,11.49,0.906931556,2448.6,2556.61,2811.15,3.6,10.59,362.55,2
2866,1.01,-0.9,4.54,41.69,6.72,13.68,2.126642358,1911.66,2036.16,2214.3,0.79,5.64,302.64,3.1
2876,0.999,-0.91,4.49,32.98,5.56,13.94,2.511083284,1980.12,2066.46,2278.47,1.06,0.24,298.35,2
2882,1.011,-0.91,4.59,43.85,7.73,12.45,1.446390704,1915.38,1966.43,2245.43,3.87,9.33,330.05,2.5
2907,0.988,-0.89,4.75,46.67,8.8,12.56,1.089263689,2197.69,2331.74,2541.92,0.66,1.76,344.23,1.7
2922,1.002,-1.05,4.48,43.59,3.22,10.55,1.397044348,2021.89,2158.93,2318.72,0.29,14.28,296.83,2.2
2927,0.996,-0.91,4.44,43.07,6.03,12.18,2.454373123,1912.95,1974.81,2196.33,0.74,12.94,283.38,2.5
2942,0.995,-0.91,4.45,41.77,5.86,11.52,2.507705169,1855.33,1955.27,2144.62,0.68,10.6,289.29,2.8
2989,1.012,-0.91,4.42,42.05,6.94,13.34,1.593211391,1926.78,1928.68,2198.06,2.58,25.11,271.28,2.3
3026,1.011,-0.91,4.59,44.3,7.27,11.77,1.602326559,1858.35,1968.76,2177.26,4.03,8.08,318.91,1.6
3027,1.005,-0.9,4.44,41.65,6.73,12.5,4.288135257,1958.51,2034.97,2247.03,1.2,19.13,288.52,2.1
3032,0.981,-1.08,4.35,46.68,1.16,12.36,0.584935944,1728.04,1895.23,1999.9,2.1,1.5,271.86,1.6
3039,0.991,-1.1,4.4,38.45,0.6,13.99,2.114715083,1778.71,1863.49,2063.46,0.69,11.49,284.75,2
3056,0.981,-1.07,4.32,38.31,1.7,10.92,0.31775639,1819.11,1871.67,2092.1,4.59,10.07,272.99,2
3068,0.99,-0.89,4.75,47.3,8.81,13.99,1.401624479,2271.2,2349.98,2619.62,0.35,3.21,348.42,2.3
3070,1.005,-0.91,4.52,39.26,7.79,13.16,0.744020796,1898.55,1914.42,2192.19,1.35,27.01,293.64,2
3072,0.996,-0.91,4.42,39.03,6.03,9.96,2.816229171,1927.72,2016.5,2206.2,3.78,15.51,278.48,3.4
3088,0.981,-0.96,4.25,37.48,4.77,14.4,1.742888554,1684.35,1761.11,1958.05,1.87,33.99,273.7,2.1
3094,0.994,-1.03,4.44,41.8,3.37,12.15,1.04760079,1961.88,2077.73,2249.2,0.64,6.25,287.32,2.4
3110,1.006,-0.9,4.45,40.67,6.5,12.22,3.340056532,1828.61,1916.99,2115.24,0.05,15.71,286.63,2
3142,0.992,-1.08,4.52,46.73,2.33,10.22,1.377525541,1977.56,2110.71,2284.31,1.39,28.64,306.75,2.7
3168,1.01,-0.89,4.73,48.31,8.62,12.95,0.560551554,2188.31,2266,2516.2,0.28,6.41,327.89,1.8
3170,1.013,-0.87,4.82,57.3,8.21,9.4,1.688153679,2533.7,2552.16,2948.14,5.56,31.16,414.44,2.3
3190,0.998,-1.05,4.46,48.97,2.69,11.95,1.204433483,1942.24,2064.44,2224.08,3.59,12.07,281.84,1.9
3215,0.99,-0.9,4.72,42.66,8.12,14.35,1.401624479,2096.2,2207.89,2446.06,6.28,3.72,349.86,3
3229,0.999,-0.9,4.53,45.03,6.35,7.57,4.391939969,2098.04,2183.59,2398.4,1.38,1.98,300.36,1.5
3238,1.011,-0.91,4.44,39.74,7.24,13.06,0.924191779,1886.52,1933.6,2176.86,4.32,25.88,290.34,2.3
3284,0.992,-1.08,4.52,46.67,2.16,10.67,1.377525541,1959.48,2086.56,2266.32,0.35,27.72,306.84,1.8
3297,1.008,-0.9,4.66,48.19,7.05,12.18,2.249213373,2086.52,2177.91,2413.45,0.95,7.67,326.93,1.4
3300,1.011,-0.91,4.38,43.21,7.11,15.29,2.568604355,1842.12,1909.01,2119.8,0.08,32.29,277.68,2.1
3301,1.01,-0.89,4.72,43.61,8.43,14.58,0.993909665,2173.37,2243.23,2521.38,3.24,3.3,348.01,1.8
3303,1.005,-0.9,4.43,41.18,6.52,11.75,4.244297018,1830.89,1920.27,2110.25,1.01,19.33,279.36,2.2
3332,1.006,-0.91,4.59,44.42,7.71,16,1.446390704,1922.68,2030.7,2266.06,5.74,12.33,343.38,2.4
3340,0.999,-0.9,4.45,41.13,6.27,14.36,2.6970964,1840.04,1920.76,2124.66,0.88,13.24,284.62,2.6
3341,1.005,-0.88,4.78,51.1,8.6,13.16,1.77594537,2211.33,2403.74,2600.41,9.5,21.92,389.08,1.9
3344,1.011,-0.91,4.5,40.91,7.13,13.61,0.863628679,1940.9,2002.45,2228.08,0.31,17.42,287.18,2.5
3363,1.002,-0.92,4.75,49.87,8.85,12.7,1.08227918,2266.94,2330,2619.08,1.83,5.77,352.14,2
3375,0.996,-0.9,4.47,40.38,5.87,13.56,2.270357915,1953.44,2003.02,2245.74,0.57,7.53,292.3,3.4
3376,0.995,-0.94,4.42,35.45,4.22,9.9,1.219890419,1916.72,1978.6,2194.69,0.51,1.29,277.97,1.9
3429,0.983,-1.1,4.46,41.25,0.96,9.91,0.874132343,1807.39,1929.13,2105.28,2.09,23.49,297.89,2.1
3446,0.997,-0.9,4.42,38.17,6.45,11.18,3.76389753,1825.25,1993.54,2100.6,3.01,19.17,275.35,4.6
3453,0.99,-1.08,4.52,39.63,1.92,10.8,1.890417352,1780.5,1991.69,2107.72,0.63,31.17,327.22,2
3471,1.01,-0.9,4.54,41.69,6.72,12.72,2.126642358,1911.66,2036.16,2214.3,0.79,5.65,302.64,3.1
3480,0.988,-1.07,4.32,39.14,2.53,10.14,1.817544019,1803.18,1848.99,2073.26,2.19,14.27,270.08,2.1
3484,0.998,-0.91,4.41,38.03,5.47,11.44,3.891512574,1856.2,1917.45,2146.45,0.26,12.47,290.25,1.5
3533,1.012,-0.91,4.59,43.85,7.73,12.24,1.446390704,1915.38,1966.43,2245.43,4.36,9.86,330.05,2.5
3551,1.011,-0.91,4.6,41.02,7.26,13.33,1.602326559,1859.89,1984.74,2183.77,3.21,6.59,323.88,2.4
3555,1.01,-0.91,4.36,40,6.98,15.82,2.612356501,1841.69,1894.13,2110.71,1.31,33.37,269.02,1.4
3566,0.983,-1.07,4.46,42.09,1.99,11.74,1.48811998,1776.9,1917.4,2061.89,1.99,18.06,284.99,2.2
3584,0.882,-0.89,4.34,36.43,8.7,10.25,3.094225258,1710.24,1735.32,1961.26,5.79,67.01,251.02,2
3596,1.002,-1.05,4.48,43.59,3.22,10.23,1.415201188,2021.89,2158.93,2318.72,0.25,13.99,296.83,2.2
3606,1.003,-0.9,4.39,40.36,6.65,14.07,4.469932167,1851.5,1901.4,2124.78,1.81,26.19,273.28,2.1
3633,1.01,-0.91,4.4,42.04,7.3,13.62,1.597287233,1836.99,1912.96,2128.14,1.44,31.69,291.15,2.2
3650,0.98,-1.14,4.47,35.38,0.73,9.67,0.636713543,1799.52,1913.89,2118.5,0.8,26.24,318.98,1.8
3663,0.992,-1.06,4.43,44.66,2.1,10.66,0.769935091,1957.94,2062.9,2238.25,1.02,9.2,280.31,1.4
3671,0.982,-1.1,4.44,23.99,0.74,11.22,2.276927744,1773.98,1876.22,2063.88,0.3,18.8,289.9,2.3
3672,0.996,-0.92,4.43,42.22,4.81,10.15,3.828206528,1933.53,1993.97,2220.53,1.17,3.74,287,1.4
3676,1.011,-0.91,4.58,44.3,7.29,10.48,1.602326559,1858.35,1952.22,2175.74,4.95,9.36,317.39,2.9
3686,0.981,-0.96,4.26,37.48,4.77,13.8,1.742888554,1684.35,1761.11,1958.05,2.15,33.69,273.7,2.1
3691,0.994,-1.03,4.45,41.8,3.37,12.55,1.04760079,1961.88,2053.58,2249.2,0.68,6.56,287.32,2.4
3699,0.981,-1.08,4.35,48.46,1.16,12.59,0.622452196,1728.04,1923.99,2001.4,2.45,1.07,273.36,1.6
3705,0.991,-1.1,4.4,38.45,0.6,15.11,2.114715083,1778.71,1863.49,2063.46,0.72,11.8,284.75,2
3732,0.996,-0.91,4.42,39.03,6.03,10.32,2.816229171,1943.53,2016.5,2222.01,3.55,15.89,278.48,3.4
3740,0.979,-0.89,4.81,55.14,9.78,12,1.089263689,2438.1,2566.73,2797.83,0.34,10.59,359.73,2
3757,1.006,-0.9,4.53,43.18,6.48,12.5,4.454294961,2106.88,2142.05,2407.25,3.6,3.85,300.37,1.5
3785,1.006,-0.9,4.45,40.67,6.42,12.69,3.340056532,1828.61,1916.99,2115.24,0.04,15.47,286.63,1.9
3793,0.996,-0.91,4.42,39.03,5.94,9.94,2.816229171,1918.9,2016.5,2197.36,2.79,16.46,278.46,2.9
3853,1.006,-0.89,4.73,48.31,8.68,11.93,0.560551554,2188.31,2266,2507.84,0.31,7.25,319.53,1.8
3873,0.998,-1.05,4.46,48.97,2.81,11.52,1.204433483,1942.24,2064.44,2224.08,3.47,13,281.84,2.8
3896,0.99,-0.9,4.72,42.66,8.12,13.65,1.401624479,2107.94,2188.48,2461.78,5.81,4.7,353.84,1.8
3911,0.996,-0.93,4.39,37.57,4.93,13.24,2.452642669,1740.2,1921.82,2022.28,0.07,11.75,282.08,1.7
3958,1.011,-0.91,4.38,43.21,7.11,14.67,2.568604355,1842.12,1909.01,2119.8,0.28,32.72,277.68,2.1
3968,1.011,-0.91,4.38,43.21,7.11,14.81,2.568604355,1829.17,1909.01,2104.76,0.45,31.84,275.59,2.1
3970,1.006,-0.9,4.43,39.89,6.52,11.29,4.205910645,1830.89,1920.27,2110.25,1.02,19,279.36,2.2
3971,0.982,-0.9,4.77,46.68,8.95,12.79,1.089263689,2197.13,2446.78,2550.22,1.17,2.8,353.09,2.3
3992,1.006,-0.91,4.59,44.86,7.7,15.9,1.446390704,1990.88,2030.7,2332.96,6.33,12.97,342.08,2.3
3997,0.979,-1.14,4.41,36.94,0.04,10.44,2.514145247,1786.89,1822.65,2077.23,0.84,14.89,290.34,2
4001,1.005,-0.88,4.78,50.57,8.6,11.93,1.77594537,2211.33,2403.74,2611.24,9.77,22.25,399.91,1.9
4007,1.011,-0.91,4.5,40.91,7.13,13.16,0.863628679,1940.9,2002.45,2228.08,0.27,17.38,287.18,2.5
4020,0.992,-1.06,4.56,46.18,2.81,11.51,1.139019493,2022.17,2147.7,2338.5,1.12,32.56,316.33,1.8
4027,0.983,-1.1,4.47,41.25,0.95,10.96,0.874132343,1807.39,1926.74,2105.28,2.14,23.78,297.89,2.1
4032,0.995,-0.94,4.42,38.07,4.22,10.28,1.219890419,1916.72,1978.6,2194.69,0.49,1.61,277.97,1.9
4047,1.011,-0.91,4.57,44.72,7.7,15.08,1.446390704,2013.76,2030.7,2355.84,7.01,14.48,342.08,2.3
4113,0.99,-1.07,4.52,39.63,1.92,10.41,1.890417352,1780.5,1890.88,2107.72,0.39,31.5,327.22,2
4155,0.986,-1.06,4.32,39.14,2.53,11.22,1.817544019,1803.18,1848.99,2072.95,2.3,13.86,269.77,2.1
4188,0.999,-0.91,4.47,40.03,5.62,12.94,3.279851503,2013.62,2056.17,2310.78,0.53,3.82,297.16,2.8
4206,1.012,-0.91,4.58,43.85,7.71,14.19,1.446390704,1915.38,1966.43,2237.59,5,10.54,322.21,2.5
4208,0.996,-0.91,4.44,43.14,6.03,11.31,3.103836076,1855.33,1974.81,2141.32,0.23,12.33,285.99,2.5
4224,1.011,-0.91,4.6,41.02,7.26,12.12,1.602326559,1859.89,1984.74,2183.77,3.28,6.76,323.88,2.2
4242,0.984,-1.08,4.46,42.09,1.99,10.9,1.488811357,1776.9,1917.4,2061.89,2.03,17.75,284.99,2
4266,1.012,-0.91,4.58,43.68,7.71,14.15,1.446390704,2000.74,2076.9,2321.25,6.65,12.17,320.51,2.5
4273,0.989,-0.94,4.4,41.92,4.12,13.08,1.287360097,1740.24,1844.16,2014.84,3.23,7.58,274.6,1.9
4279,1.012,-0.9,4.5,41.13,6.97,15.79,0.91436444,1987.45,2000.9,2276.32,0.05,15.63,288.87,2.5
4282,1.01,-0.91,4.4,42.04,7.3,13.17,1.597287233,1836.99,1909.75,2128.14,1.75,32.17,291.15,2.2
4297,0.993,-0.89,4.74,46.43,8.5,13.54,1.089263689,2106.3,2241.3,2448.62,2.93,0.48,342.32,2
4304,0.99,-1.08,4.51,35.06,1.57,10.55,2.1032525,1785.52,1938.65,2102.18,1.34,29.24,316.66,1.7
4316,1.011,-0.91,4.46,40.33,7.22,14.53,0.884560403,1887.76,1965.3,2174.76,3.23,22.68,287,1.6
4319,0.984,-1.15,4.47,35.03,0.73,10.53,0.636713543,1799.52,1913.89,2118.5,1.05,26.36,318.98,1.8
4323,1.005,-0.9,4.52,43.95,6.72,12.94,2.126642358,1934.36,1998.33,2233.22,0.09,8.69,298.86,2.5
4347,1.011,-0.91,4.58,44.3,7.27,10.78,1.602326559,1858.35,1952.22,2175.74,4.64,8.88,317.39,2.9
4355,0.922,-1.68,4.4,35.46,4.59,10.45,4.613340977,2082.78,2176.25,2364.43,12.27,95.95,281.65,1.9
4356,0.914,-1.66,4.46,37.23,3.2,12.72,0.469910435,2046.01,2177.89,2355.11,3.89,83,309.1,2.1
4366,0.977,-0.91,4.71,47.25,7.64,12.74,1.823693235,2044.34,2160.13,2389.04,3.39,8.61,344.7,2.4
4367,0.922,-1.68,4.36,38.1,4.98,11.24,0.832550047,2092.76,2176.59,2395.66,8.8,100.87,302.9,1.7
4373,0.908,-1.66,4.46,40.16,3.19,12.23,1.135501379,2073.52,2199.91,2378.75,2.59,82.21,305.23,1.7
4383,0.913,-1.67,4.43,40.63,3.27,11.58,0.777588366,1946.82,2119.34,2255.08,0.41,87.33,308.26,1.6
4389,0.929,-1.36,4.52,37.95,4.06,14.6,1.227902359,1800.59,1904.81,2074.59,2.01,67.86,274,1.6
4394,0.922,-1.68,4.36,38.1,5,12.36,2.512872574,2073.23,2176.59,2373.5,7.35,102.15,300.27,2.4
4396,0.918,-1.69,4.35,37.04,5,11.56,2.158142578,2073.23,2086.29,2375.02,5.97,103.35,301.79,2.1
4402,0.909,-1.67,4.43,39.46,3.21,13.43,0.551276836,2022.7,2051.8,2327.37,0.18,86.75,304.67,1.8
4431,0.909,-1.63,4.47,38.18,3.14,11.14,3.630815321,2085.65,2150.49,2389.99,1.6,79.21,304.34,1.7
4433,0.918,-1.66,4.45,37.63,3.59,11,0.753753141,2128.33,2228.46,2425.38,4.77,86.07,297.05,1.6
4436,0.92,-1.66,4.45,37.58,3.6,12.22,0.753753141,2044.44,2228.46,2343.14,5.86,87.61,298.7,2.4
4462,0.909,-1.63,4.48,38.18,3.16,11.2,3.625946155,2085.65,2150.49,2389,1.78,78.81,303.35,2.4
4466,0.921,-1.61,4.49,43.83,2.79,11.83,1.415355817,1995.75,2066.1,2299.62,0.64,76.01,303.87,2.3
4482,0.913,-1.7,4.32,32.1,5.06,12.72,1.325821819,1877.47,1905.76,2192.98,1.37,107.41,315.51,1.4
4488,0.916,-1.69,4.37,36.65,4.13,10.41,1.304067364,1999.16,2058.44,2306.74,1.7,98.96,307.58,1.8
4493,0.875,-1.2,4.64,48.09,1.93,14.95,0.887903605,2549.46,2610.52,2819.9,3.54,49.45,270.44,2
4499,0.922,-1.68,4.37,36.89,4.62,8.14,2.459765132,2008.87,2148.27,2269.28,9.02,98.96,260.41,2.2
4503,0.916,-1.67,4.45,38.09,3.23,13.48,0.365211118,2022.7,2131.78,2331.67,0.66,85.67,308.97,1.6
4507,0.91,-1.68,4.4,39.41,3.66,12.64,1.838895497,1964.96,2021.69,2269.18,0.22,93.11,304.22,2.3
4508,0.908,-1.64,4.46,37.4,3.19,12.5,1.106794164,2051.17,2126.67,2356.06,0.96,82.17,304.89,2
4514,0.922,-1.68,4.35,38.1,5,11.68,2.638156197,2073.23,2176.59,2373.5,7.34,102.18,300.27,3.2
4517,0.918,-1.69,4.34,37.04,5,10.69,2.158142578,2073.23,2086.29,2375.02,5.87,103.47,301.79,2.1
4521,0.93,-1.34,4.53,39.88,7.38,14.33,1.536165888,1752.14,1823.36,2019.23,0.13,63.67,267.09,1.7
4525,0.924,-1.61,4.49,43.83,2.79,12,1.415355817,1995.75,2066.1,2299.62,0.74,75.78,303.87,2.3
4532,0.915,-1.69,4.33,35.04,5.02,11.21,2.158142578,2010.47,2086.29,2315.71,4.36,104.79,305.24,2
4536,0.915,-1.69,4.34,34.54,4.93,11.86,1.220276636,1909.29,2046.31,2215.62,3.42,104.79,306.33,1.8
4537,0.915,-1.7,4.33,34.93,5.04,11.26,1.602603979,1877.47,1985.01,2193.41,2.81,106.16,315.94,1.5
4540,0.941,-0.9,4.69,43.15,6.93,13.54,1.823693235,1979.6,2112.84,2310.26,1.16,15.63,330.66,2
4552,0.921,-1.68,4.42,41.27,4.71,10.88,0.937611422,2019.14,2076.93,2266.83,8.55,93.43,247.69,1.6
4554,0.908,-1.66,4.45,40.16,3.19,12.06,0.284552674,2073.52,2124.33,2380.28,1.97,83.03,306.76,2.1
4558,0.918,-1.69,4.38,36.9,4.16,12.64,0.88826165,1944.67,2000.44,2252.2,0.39,97.31,307.53,2
4561,0.908,-1.64,4.46,37.4,3.19,12.06,1.106794164,2051.17,2126.67,2356.06,0.75,82.32,304.89,2
4565,0.922,-1.68,4.35,37.04,5,11.66,2.125748109,2073.23,2176.59,2373.5,7.02,102.46,300.27,1.5
4568,0.929,-1.33,4.54,40.07,7.38,14.71,1.536165888,1780.72,1886.7,2047.51,1.85,62.61,266.79,1.9
4572,0.918,-1.69,4.34,37.04,5.02,10.72,2.158142578,2010.47,2086.29,2312.26,5.51,103.79,301.79,2.1
4573,0.915,-1.65,4.46,36.91,3.39,9.81,3.356123089,2105.44,2220.83,2403.23,7.88,83.81,297.79,1.8
4579,0.909,-1.67,4.43,40.64,3.26,13.82,0.837013525,1924.89,2051.8,2230.51,0.27,87.33,305.62,2.7
4590,0.915,-1.69,4.35,37.55,4.91,11.7,1.225865755,2034.9,2046.31,2336.92,4.58,103.79,302.02,1.8
4594,0.913,-1.7,4.33,34.93,5.04,11.27,1.602603979,1877.47,1985.01,2193.41,2.43,106.48,315.94,1.5
4599,0.917,-1.37,4.53,38.67,2.92,13.78,1.818015105,1883.38,2041.52,2156.87,0.93,65.26,273.49,1.4
4607,0.875,-1.2,4.64,46.62,1.93,14.25,0.887903605,2549.46,2610.52,2819.23,4,49.91,269.77,2
4635,0.909,-1.63,4.47,37.57,3.18,11.34,3.343670357,2085.65,2150.49,2389.99,1.23,79.58,304.34,2.4
4636,0.918,-1.66,4.45,37.63,3.6,11.67,0.753753141,2044.44,2228.46,2342.91,5.41,86.5,298.47,2.1
4645,0.922,-1.68,4.39,35.46,4.59,10.77,4.517981365,2068.55,2176.25,2298.38,11.64,96.57,229.83,1.9
4647,0.927,-1.6,4.46,41.27,2.24,9.48,5.859622571,1834.71,1955.24,2130.3,0.4,79.2,295.59,1.5
4651,0.908,-1.51,4.48,40.7,1.52,8.76,4.372358688,1966.79,2045.42,2255.32,1.03,75.69,288.53,2.1
4655,0.922,-1.68,4.36,38.1,4.98,11.36,3.022208084,2092.76,2176.59,2395.66,8.4,101.23,302.9,1.7
4662,0.908,-1.66,4.46,40.16,3.19,12.74,1.135501379,2073.52,2199.91,2378.75,2.22,82.49,305.23,1.7
4664,0.922,-1.68,4.38,36.89,4.62,9.33,4.421645018,2068.55,2148.27,2292.45,10.18,97.84,223.9,2.7
4671,0.913,-1.67,4.43,40.84,3.29,11.65,0.867733545,1946.82,2119.34,2255.08,0.08,87.71,308.26,1.7
4681,0.922,-1.68,4.36,37.04,5,11.19,2.125748109,2073.23,2176.59,2373.5,6.92,102.52,300.27,2.4
4683,0.918,-1.69,4.35,37.04,5.02,10.39,2.158142578,2010.47,2086.29,2312.26,5.68,103.6,301.79,2.1
4685,0.908,-1.61,4.5,35.65,3.19,10.2,4.08617402,2217.74,2281.65,2525.2,8.77,75.88,307.46,1.4
4688,0.909,-1.67,4.43,40.64,3.22,13.61,0.552727529,1924.89,2051.8,2229.56,0.22,87.04,304.67,1.8
4708,0.906,-1.51,4.48,40.7,1.52,9.15,4.372358688,1970.03,2045.42,2258.56,0.73,75.92,288.53,2.1
4710,0.922,-1.68,4.36,38.1,4.98,12.15,3.022208084,2073.23,2176.59,2376.13,8.11,101.48,302.9,1.7
4717,0.922,-1.68,4.38,36.89,4.62,9.36,3.46762094,2068.55,2148.27,2328.96,9.77,98.19,260.41,2.7
4720,0.913,-1.67,4.43,40.84,3.29,12.55,0.867733545,1946.82,2119.34,2255.08,0.39,87.93,308.26,1.6
4722,0.916,-1.63,4.49,39.6,3.21,10.14,3.717704177,2103.62,2262.05,2403.44,9.18,79.01,299.82,1.7
4723,0.923,-1.38,4.5,36.79,2.47,15.75,1.83278287,1781.54,1893.96,2058.17,1.26,70.63,276.63,2.1
4732,0.922,-1.68,4.35,37.04,5,11.53,2.125748109,2073.23,2176.59,2373.5,6.74,102.68,300.27,2.4
4734,0.915,-1.69,4.34,35.04,5.02,10.61,2.158142578,2010.47,2086.29,2312.26,5.24,103.99,301.79,2.1
4736,0.91,-1.68,4.39,39.05,3.75,13.41,3.316910654,1863.48,1968.56,2168.52,1.92,94.67,305.04,2
4742,0.909,-1.67,4.42,40.64,3.22,13.63,0.552727529,1924.89,2051.8,2227.19,0.64,87.38,302.3,1.4
4746,0.913,-1.69,4.37,38.4,3.98,13.64,1.923709638,1892.54,1941.36,2200.02,3.04,97.66,307.48,1.6
4752,0.921,-1.33,4.55,38.23,4.56,15.59,0.857271666,1891.47,2084.08,2160.3,2.66,63.26,268.83,1.5
4757,0.91,-1.67,4.41,40.71,3.24,13.35,0.421982824,1929.11,2017.36,2229.97,0.44,89.68,300.86,1.6
4761,0.874,-1.2,4.63,46.62,1.93,15.26,0.598522385,2431.31,2610.52,2701.08,4.87,50.78,269.77,2
4796,0.914,-1.66,4.45,38.22,3.26,12,1.017549901,2048.56,2168.12,2349.46,4.39,85.07,300.9,2.3
4805,0.917,-1.52,4.48,40.7,1.52,8.93,4.372358688,1970.03,2045.42,2258.56,0.46,76.4,288.53,2.5
4813,0.922,-1.68,4.36,38.1,4.98,12.73,3.022208084,2073.23,2176.59,2376.13,8.09,101.52,302.9,3.2
4814,0.922,-1.68,4.42,41.27,4.71,10.9,0.937611422,2001.91,2076.93,2249.6,8.42,93.77,247.69,1.6
4818,0.908,-1.66,4.45,40.16,3.19,12.08,0.284552674,2073.52,2124.33,2380.28,1.56,83.31,306.76,4.5
4825,0.91,-1.68,4.4,39.11,3.7,13.38,1.384758215,1964.96,2021.69,2270,0.49,93.84,305.04,2.3
4828,0.922,-1.68,4.34,37.04,5,10.53,2.125748109,2073.23,2176.59,2373.5,6.61,102.83,300.27,1.5
4835,0.915,-1.69,4.34,35.04,5.02,10.86,2.158142578,2010.47,2086.29,2312.26,5.12,104.12,301.79,2
4836,0.915,-1.65,4.46,37.06,3.39,10.45,3.356123089,2105.44,2220.83,2403.23,7.54,84.1,297.79,1.8
4842,0.909,-1.67,4.43,40.64,3.26,13.85,0.909127687,1924.89,2051.8,2229.08,0.49,87.5,304.19,2.7
4849,0.915,-1.69,4.35,34.54,4.93,11.75,1.220276636,2034.9,2046.31,2336.92,4.19,104.12,302.02,1.8
4854,0.913,-1.7,4.33,34.93,5.04,13,1.325821819,1877.47,1985.01,2192.28,1.86,107.15,314.81,1.4
4856,0.915,-1.67,4.43,38.73,3.49,12.62,2.184163042,2006.41,2177.89,2306.38,4.35,88.22,299.97,2
4859,0.92,-1.37,4.53,38.67,2.92,13.84,1.818015105,1883.38,2041.52,2156.88,0.61,65.56,273.5,1.4
4866,0.916,-1.69,4.35,31.21,4.51,10.53,1.945338143,1935.01,1974.69,2247.12,1.71,102.46,312.11,1.8
4867,0.917,-1.52,4.47,41.01,1.52,8.89,5.499779743,1970.03,2045.42,2258.56,0.18,76.62,288.53,2.5
4877,0.911,-1.67,4.43,40.63,3.27,13.44,1.380266235,1946.82,2119.34,2256.19,0.66,87.44,309.37,1.7
4878,0.922,-1.68,4.35,38.1,4.98,12.78,3.022208084,2073.23,2176.59,2376.13,7.68,101.89,302.9,3.2
4883,0.91,-1.66,4.45,40.16,3.19,13.17,0.284552674,2044.88,2124.33,2349.98,1.16,83.66,305.1,1.6
4884,0.922,-1.68,4.37,36.89,4.62,8.91,3.46762094,2008.87,2148.27,2269.28,9.33,98.61,260.41,2.2
4886,0.918,-1.69,4.39,37.13,4.11,12.65,0.161835363,1967.8,2000.44,2275.33,0.65,96.39,307.53,1.9
4889,0.921,-1.61,4.49,43.83,2.79,13.25,1.415355817,1995.75,2066.1,2299.62,0.79,75.56,303.87,2.3
4896,0.917,-1.69,4.33,37.89,5.24,10.65,1.872279844,2058.01,2103.34,2374.74,5.36,104.77,316.73,1.7
4900,0.918,-1.69,4.34,37.04,5,10.52,2.125748109,2073.23,2086.29,2373.5,6.23,103.15,300.27,1.5
4908,0.915,-1.69,4.34,35.04,5.02,10.88,2.158142578,2010.47,2086.29,2312.26,4.74,104.47,301.79,2
4911,0.93,-1.34,4.52,37.91,5.76,15.45,0.988313113,1775.74,1853.17,2044.75,0.39,66.85,269.01,2
4914,0.929,-1.35,4.51,37.91,4.94,16.03,1.066516487,1775.74,1854.46,2048.52,0.72,67.89,272.78,1.7
4917,0.924,-1.36,4.5,37.41,3.29,14.74,4.16865617,1763.68,1874.4,2040,0.09,70.69,276.32,2.3
4920,0.909,-1.67,4.42,40.64,3.26,13.92,0.909127687,1924.89,2051.8,2229.08,0.94,87.84,304.19,2.7
4924,0.907,-1.7,4.31,35.61,5.5,10.43,1.199557546,1817.66,1876.07,2130.82,0.45,110.42,313.16,2.5
4925,0.918,-1.68,4.37,31.91,4.62,13.46,0.682995242,1887.3,1986.66,2169.6,4.93,101.25,282.3,1.8
4931,0.915,-1.69,4.33,34.93,5.04,11.23,1.602603979,1877.47,1985.01,2182.71,3.19,105.82,305.24,1.5
4936,0.913,-1.7,4.32,32.1,5.06,11.66,1.325821819,1877.47,1905.76,2192.98,1.62,107.19,315.51,1.4
4946,0.926,-1.65,4.47,44.04,3.5,12.95,0.15363466,2124.24,2289.9,2418.54,2.47,82.99,294.3,1.5
4950,0.911,-1.68,4.43,40.63,3.27,12.76,0.808545613,1946.82,2104.43,2256.19,0.65,87.8,309.37,1.7
4954,0.91,-1.68,4.42,40.55,3.42,14.28,0.533136809,1964.55,2089.01,2267.03,0.55,89.87,302.48,2.1
4955,0.909,-1.63,4.48,38.18,3.16,11.16,3.625946155,2085.65,2150.49,2389,2.09,78.41,303.35,2.3
4961,0.912,-1.69,4.33,38.53,5.24,10.66,1.872279844,2058.01,2103.34,2374.74,5.06,105.15,316.73,1.5
4965,0.92,-1.66,4.45,37.58,3.6,11.08,0.753753141,2044.44,2228.46,2342.91,5.99,86.74,298.47,2.4
4973,0.914,-1.67,4.42,38.73,3.5,11.41,1.957241007,1992.99,2177.89,2293.21,3.89,89.02,300.22,2.3
4981,0.911,-1.68,4.43,40.54,3.33,13.28,1.247653171,1983.45,2104.43,2292.82,0.56,88.31,309.37,2.3
4982,0.91,-1.68,4.42,40.55,3.42,14.03,0.533136809,1964.55,2089.01,2267.03,0.54,90.15,302.48,2.1
4983,0.875,-1.2,4.63,46.62,1.93,15.6,0.598522385,2431.31,2610.52,2702.94,5,50.91,271.63,2
4985,0.927,-1.68,4.36,35.68,6.52,9.78,1.549882146,2041.63,2130.28,2357.53,3.67,101.06,315.9,1.5
4992,0.924,-1.69,4.33,33.39,6.71,10.62,1.747693841,2059.47,2070.54,2374.96,0.3,105.37,315.49,1.6
4993,0.92,-1.66,4.45,37.58,3.6,11.13,0.753753141,2044.44,2228.46,2342.91,5.92,87.1,298.47,2.4
5003,0.914,-1.61,4.5,38.1,3.28,10.75,4.355735423,2133.95,2335.15,2430.69,6.77,78.43,296.74,2.2
5004,0.92,-0.87,4.7,34.05,6.42,13.34,2.037313355,2023.56,2107.16,2338.78,7.97,16.36,315.22,1.8
5008,0.939,-0.89,4.72,44.56,6.86,13.02,2.037313355,2059.16,2106.01,2378.86,7.61,13.46,319.7,2.2
5011,0.908,-1.66,4.46,36.24,3.19,12.18,1.135501379,2073.52,2199.91,2378.75,2.98,81.91,305.23,1.6
5014,0.906,-1.51,4.48,41.01,1.52,9.14,4.372358688,1970.03,2045.42,2258.56,0.45,76.17,288.53,2.1
5018,0.922,-1.68,4.37,38.81,4.98,12.02,0.832550047,2092.76,2190.9,2404.1,9.27,100.46,311.34,1.7
5024,0.922,-1.68,4.36,38.1,4.98,11.46,2.638156197,2073.23,2176.59,2376.13,7.64,101.89,302.9,2.4
5026,0.91,-1.68,4.43,40.54,3.33,14.34,0.880610398,1983.45,2104.43,2285.06,0.59,89.04,301.61,2.1
5032,0.922,-1.68,4.37,36.89,4.62,8.5,3.46762094,2008.87,2148.27,2269.28,9.48,98.43,260.41,2.7
5038,0.913,-1.67,4.43,40.84,3.29,13.75,0.362991403,1946.82,2119.34,2254.21,0.46,88.22,307.39,1.6
5040,0.923,-1.38,4.5,36.79,2.47,16.01,1.83278287,1781.54,1893.96,2058.17,0.65,71.14,276.63,2.1
5041,0.912,-1.69,4.33,37.17,5.37,10.55,1.059626869,1996.27,2071.2,2311.6,4.4,106.22,315.33,2
5045,0.92,-1.68,4.35,37.04,5,11.51,2.125748109,2073.23,2086.29,2373.5,6.36,103.02,300.27,2.4
5048,0.915,-1.69,4.34,35.04,5.02,10.67,2.158142578,2010.47,2086.29,2312.26,4.83,104.35,301.79,2.1
5051,0.91,-1.68,4.38,39.05,3.75,13.17,3.316910654,1863.48,1968.56,2168.81,2.48,95.22,305.33,1.8
5054,0.909,-1.67,4.42,40.64,3.22,12.38,0.552727529,1924.89,2051.8,2227.19,0.84,87.53,302.3,2.1
5066,0.923,-1.33,4.55,38.46,4.78,14.67,2.262393681,1874.5,2084.08,2143.33,2.58,63.28,268.83,2.2
5072,0.922,-1.68,4.4,36.62,4.59,9.75,4.613340977,2082.78,2176.25,2364.43,12.49,95.77,281.65,1.9
5074,0.914,-1.66,4.46,37.23,3.2,13.42,0.550694598,2046.01,2177.89,2355.11,3.95,82.88,309.1,2.1
5075,0.911,-1.67,4.41,41.05,3.28,13.65,0.421982824,1929.11,2017.36,2229.97,0.88,90.04,300.86,1.6
5082,0.992,-0.89,4.74,46.43,8.5,13.55,1.089263689,2106.3,2241.3,2448.62,3.23,0.76,342.32,2
5084,1.005,-0.9,4.52,43.95,6.66,13.45,2.126642358,1934.36,1998.33,2229.97,0.22,8.82,295.61,2.5
5087,0.996,-0.92,4.43,41.96,4.81,10.53,3.828206528,1933.53,1993.97,2220.53,1.24,4.04,287,1.4
5090,0.991,-1.05,4.49,45.27,2.61,10.86,1.398931249,2024.11,2133.54,2315.04,1.79,18.69,290.93,2
5096,1.014,-0.86,4.83,49.36,9.48,11.66,1.077882252,2273.8,2466.3,2660.96,5.03,25.76,387.16,1.5
5097,0.99,-0.89,4.74,47.3,8.67,13.63,1.401624479,2159.07,2286.46,2507.49,0.49,2.34,348.42,1.7
5099,0.996,-0.91,4.42,39.03,6.03,9.97,2.816229171,1943.53,2016.5,2222.01,3.26,16.21,278.48,3.4
5109,1.005,-0.9,4.58,44.02,6.43,12.55,1.467770038,1969.46,2078.54,2276.42,6.76,1.32,306.96,2.8
5116,0.998,-1.04,4.44,46.72,2.77,13.12,1.020054982,1965.74,2025.26,2248.81,1.84,9.13,283.07,1.7
5119,0.998,-1.05,4.46,48.97,2.69,12.65,1.204433483,1942.24,2064.44,2224.08,3.62,11.78,281.84,1.9
5120,0.999,-0.91,4.5,44.58,5.73,14.65,2.511083284,2038.09,2056.62,2338.65,1,0.35,300.56,1.5
5122,1.004,-0.87,4.79,50.57,8.6,11.98,1.77594537,2207.52,2422.2,2618.16,9.89,24.26,410.64,1.5
5130,0.99,-1.06,4.39,22.14,1.81,11.47,1.121458575,1744.16,1897.44,2014.13,3.97,3.04,269.97,2.8
5133,0.998,-0.91,4.43,43.38,5.31,8.21,1.733137054,1965.49,1984.3,2256.24,0.7,7.24,290.75,2.5
5137,0.992,-0.94,4.44,41.03,4.19,10.5,3.137397174,1912.29,1991.03,2187.84,1.15,2.36,275.55,1.7
5146,0.981,-0.89,4.77,46.68,8.95,13.27,1.089263689,2197.13,2446.78,2550.22,1.22,3.02,353.09,1.8
5178,0.987,-0.88,4.77,47.08,9.11,12.78,1.089263689,2303.83,2443.27,2651.13,2.67,5.23,347.3,1.7
5189,0.988,-0.89,4.75,46.67,8.8,13.07,1.089263689,2197.69,2331.74,2541.92,0.81,1.59,344.23,1.7
5190,0.982,-1.07,4.47,43.59,1.94,11.33,1.48811998,1841.3,1917.4,2127.88,1.81,18.99,286.58,3.6
5200,1.005,-0.9,4.45,41.24,6.73,12.36,3.932977071,1850.64,1938.56,2139.16,1.1,18.37,288.52,2.1
5220,0.981,-0.96,4.27,36.43,4.66,15.11,0.788940387,1684.35,1723.27,1954.81,3.01,32.77,270.46,2.1
5222,0.993,-0.89,4.74,45.06,8.66,12.8,1.089263689,2106.3,2241.3,2448.44,2.78,0.25,342.14,2
5233,1.006,-0.9,4.54,44.32,6.48,12.49,4.454294961,2106.88,2189.22,2407.83,3.9,3.35,300.95,1.5
5234,0.996,-0.91,4.45,38.1,5.69,10.11,4.956356494,1910.79,1997.98,2204.46,0.44,8.19,293.67,3.4
5235,0.974,-1.03,4.17,34.52,4.53,12.2,1.936686528,1634.18,1637.63,1899.92,1.01,48.27,265.74,1.6
5236,0.985,-0.94,4.26,25.02,5.8,12.87,1.752105567,1750.8,1785.51,2013.33,0.14,40.63,262.53,2
5239,1.002,-0.91,4.5,38.31,7.88,15.17,0.475081531,1898.55,1910.7,2188.26,2.1,28.26,289.71,2
5241,0.99,-0.89,4.74,47.3,8.67,13.1,1.401624479,2159.07,2286.46,2507.49,0.33,2.5,348.42,1.7
5253,1.006,-0.9,4.44,40.67,6.5,13.12,3.534523405,1828.61,1916.99,2114.05,0.07,16.16,285.44,2
5259,1.012,-0.9,4.47,40.93,7.05,13.41,1.799649976,1908.68,1978.58,2194.89,2.05,20.2,286.21,1.5
5267,0.986,-1.09,4.45,43.69,1.48,12.53,1.244158581,1725.51,1839.37,2001.34,4.83,18.3,275.83,2.2
5277,0.992,-1.06,4.36,39.81,2.3,11.79,1.602320917,1782.15,1867.76,2039.05,0.53,4.75,256.9,1.7
5284,0.99,-1.08,4.52,47.59,2.16,11.21,1.310337459,1959.48,2086.56,2269.12,0.1,27.12,309.64,1.8
5291,0.98,-0.89,4.77,46.68,8.95,13.19,1.089263689,2197.13,2446.78,2550.22,1.5,3.33,353.09,1.8
5324,0.977,-0.9,4.82,57.64,9.97,12.13,0.906931556,2448.6,2556.61,2811.15,3.56,10.62,362.55,2
5325,1.01,-0.9,4.54,41.69,6.72,13.16,4.176663504,1911.66,2036.16,2211.92,0.54,5.76,300.26,2.8
5336,0.988,-0.89,4.75,46.67,8.8,13.62,1.089263689,2197.69,2331.74,2541.92,0.63,1.78,344.23,1.7
5342,0.996,-0.91,4.44,43.07,6.03,11.31,2.454373123,1912.95,1974.81,2196.33,0.74,12.95,283.38,3.2
5353,0.996,-0.9,4.56,43.05,6.33,13.53,1.688153679,2022.78,2146.68,2319.69,3.06,3.85,296.91,1.8
5355,1.012,-0.91,4.42,42.05,6.94,14.4,1.593211391,1926.78,1928.68,2198.06,2.58,25.1,271.28,2.3
5364,1.011,-0.91,4.59,42.21,7.27,10.71,1.602326559,1858.35,1968.76,2177.26,3.83,7.67,318.91,1.6
5365,1.005,-0.9,4.44,41.24,6.73,11.99,3.932977071,1958.51,2034.97,2247.03,1.16,18.81,288.52,2.1
5367,0.981,-1.08,4.35,46.68,1.16,13.33,0.584935944,1728.04,1895.23,1999.9,2.12,1.48,271.86,1.6
5370,0.991,-1.1,4.4,38.45,0.6,15.32,2.114715083,1778.71,1863.49,2063.46,0.68,11.51,284.75,2
5372,0.981,-0.9,4.79,53.17,9.26,11.81,0.906931556,2329.46,2507.55,2691.85,1.36,5.47,362.39,3.4
5379,0.996,-0.91,4.42,39.03,6.03,10.61,2.816229171,1927.72,2016.5,2206.2,3.81,15.6,278.48,3.4
5381,0.994,-1.03,4.44,41.8,3.37,13.21,1.04760079,1961.88,2077.73,2247.44,0.7,6.23,285.56,2.4
5385,1.006,-0.9,4.45,40.67,6.5,13.13,3.340056532,1828.61,1916.99,2115.24,0.04,15.69,286.63,1.9
5393,1.01,-0.89,4.73,48.31,8.62,12.23,0.560551554,2188.31,2266,2507.84,0.03,6.86,319.53,1.8
5395,1.013,-0.87,4.82,57.14,8.21,10.37,1.688153679,2533.7,2552.16,2948.14,5.31,31.49,414.44,2.3
5401,0.998,-1.05,4.46,48.97,2.88,11.4,1.204433483,1942.24,2064.44,2224.08,3.55,12.39,281.84,2.8
5413,1.011,-0.91,4.45,39.66,7.24,14.33,0.924191779,1863.72,1933.6,2154.06,4.37,25.82,290.34,2.3
5424,0.983,-0.9,4.77,46.68,8.95,13.13,0.586218911,2197.13,2446.78,2549.34,1.14,2.58,352.21,2.3
5431,0.977,-1.04,4.17,31.01,3.94,12.62,2.212693863,1632.09,1727.36,1899.87,2.52,45.12,267.78,1.6
5433,1.005,-0.88,4.78,51.1,8.6,12.36,1.77594537,2211.33,2403.74,2611.97,9.5,21.94,400.64,1.9
5442,1.002,-0.92,4.75,49.87,8.85,13.82,1.08227918,2266.94,2330,2619.08,1.84,5.78,352.14,2
5443,0.998,-0.9,4.47,41.95,6.11,12.63,2.507705169,1880.37,1978.01,2169.68,1.12,9.6,289.31,2.8
5446,0.995,-0.94,4.42,35.45,4.22,10.68,1.219890419,1916.72,1978.6,2194.69,0.51,1.3,277.97,1.9
5462,0.997,-0.9,4.42,38.17,6.36,10.73,3.76389753,1946.83,1993.54,2222.98,3.01,18.87,276.15,4.6
5473,0.988,-1.07,4.32,39.14,2.53,11.03,1.817544019,1803.18,1848.99,2073.26,2.2,14.23,270.08,2.1
5475,0.998,-0.91,4.41,38.03,5.47,12.3,3.891512574,1856.2,1917.45,2146.45,0.27,12.49,290.25,1.5
5485,0.996,-0.91,4.45,41.77,5.86,11.91,3.238538984,1855.33,1955.27,2144.62,0.92,10.3,289.29,2.8
5494,1.002,-1.05,4.48,43.59,3.22,11,1.415201188,2021.89,2158.93,2318.72,0.27,13.98,296.83,2.2
5504,1.01,-0.91,4.4,42.04,7.3,13.23,1.597287233,1836.99,1912.96,2128.14,1.17,31.39,291.15,2.2
5507,0.992,-1.06,4.43,44.66,2.1,11.45,0.769935091,1957.94,2062.9,2238.25,1.01,9.21,280.31,1.4
5514,1.011,-0.91,4.58,44.3,7.29,11.58,1.602326559,1858.35,1952.22,2175.74,4.94,9.34,317.39,2.9
5520,0.981,-0.96,4.26,37.48,4.66,14.4,1.742888554,1684.35,1707.11,1957.11,2.43,33.39,272.76,2.1
5528,0.978,-0.9,4.79,53.17,9.26,11.9,0.906931556,2329.46,2507.55,2691.85,1.46,4.98,362.39,3.4
5530,0.99,-0.89,4.74,45.55,8.53,13.33,1.401624479,2106.3,2241.3,2446.49,2.32,0.31,340.19,2
5550,1.006,-0.9,4.45,40.67,6.42,12.26,3.340056532,1828.61,1916.99,2115.24,0.03,15.24,286.63,1.9
5553,0.996,-0.91,4.42,39.03,5.94,10.67,2.816229171,1918.9,2016.5,2197.36,2.79,16.46,278.46,2.9
5560,1.011,-0.91,4.58,45.54,7.22,12.02,2.332022089,1867.61,1965.89,2175.65,3.46,7.36,308.04,1.6
5569,0.998,-1.05,4.46,48.97,2.81,12.39,1.204433483,1942.24,2064.44,2224.08,3.47,13.01,281.84,2.8
5575,1.006,-0.9,4.52,42.87,6.48,12.47,5.049047061,2065.62,2121.88,2360.26,1.92,5.47,294.64,3.1
5586,1.011,-0.91,4.38,43.21,7.11,15.77,2.568604355,1842.12,1909.01,2119.8,0.26,32.7,277.68,2.1
5592,1.011,-0.91,4.38,43.21,7.11,15.69,2.568604355,1829.17,1909.01,2104.76,0.45,31.84,275.59,2.1
5595,1.006,-0.9,4.43,39.89,6.52,12.15,4.205910645,1830.89,1920.27,2110.25,1.04,19.01,279.36,2.2
5603,0.979,-1.14,4.41,36.94,0.04,11.4,2.514145247,1786.89,1822.65,2077.23,0.85,14.88,290.34,2
5605,1.011,-0.91,4.5,41.66,7.13,15.89,0.863628679,1940.9,2002.45,2228.08,0.04,17.14,287.18,2.5
5607,0.992,-1.06,4.56,46.18,2.81,11.2,1.139019493,2022.17,2138.7,2336.77,1.43,32.25,314.6,1.8
5610,0.983,-1.1,4.47,41.25,0.95,10.32,0.874132343,1807.39,1926.74,2105.28,2.14,23.79,297.89,2.1
5617,1.011,-0.91,4.57,44.72,7.7,16.5,1.446390704,2013.76,2030.7,2348.44,6.98,14.51,334.68,2.3
5624,0.997,-0.9,4.42,38.17,6.45,10.91,4.130415752,1825.25,1993.54,2100.6,2.98,19.46,275.35,2.1
5627,0.99,-1.07,4.52,39.63,1.92,11.2,1.890417352,1780.5,1890.88,2107.72,0.39,31.5,327.22,2
5639,1.012,-0.91,4.59,43.85,7.73,13.8,1.446390704,1915.38,1966.43,2239.27,4.52,10,323.89,2.4
5640,0.996,-0.91,4.44,43.14,6.03,12.2,3.103836076,1855.33,1974.81,2141.32,0.23,12.35,285.99,2.5
5649,0.984,-1.08,4.46,42.09,1.99,11.9,1.488811357,1776.9,1917.4,2061.89,2.05,17.75,284.99,2
5654,1.012,-0.91,4.58,43.68,7.71,12.62,1.446390704,2000.74,2076.9,2321.25,6.7,12.23,320.51,2.4
5655,0.989,-0.94,4.4,44.39,4.37,14.24,1.288233479,1740.24,1844.16,2014.84,3.17,7.75,274.6,1.9
5659,1.012,-0.9,4.5,41.13,6.97,16.77,0.91436444,1987.45,2000.9,2276.32,0.09,15.67,288.87,2.5
5661,1.01,-0.91,4.4,42.04,7.3,14.1,1.597287233,1836.99,1909.75,2128.14,1.73,32.15,291.15,2.2
5667,0.99,-1.08,4.51,35.06,1.57,11.26,2.1032525,1785.52,1938.65,2102.18,1.04,28.93,316.66,1.7
5670,1.011,-0.91,4.46,40.33,7.22,13.58,0.884560403,1887.76,1965.3,2174.76,3.24,22.69,287,1.6
5672,1.005,-0.9,4.52,43.95,6.72,13.39,2.126642358,1934.36,1998.33,2233.22,0.01,8.58,298.86,3.1
5675,0.982,-1.1,4.43,23.99,0.74,11.81,2.276927744,1773.98,1876.22,2063.88,0.33,18.49,289.9,3
5681,1.011,-0.91,4.58,44.3,7.27,11.8,1.602326559,1858.35,1952.22,2175.74,4.62,8.85,317.39,2.9
5682,1.005,-0.9,4.44,41.65,6.73,12.89,4.288135257,1958.51,2034.97,2238.59,1.27,19.42,280.08,2.1
5685,0.922,-1.68,4.4,35.46,4.59,9.76,4.613340977,2068.55,2176.25,2350.2,12.16,96.05,281.65,1.9
5686,0.914,-1.66,4.46,37.23,3.2,13.47,0.469910435,2046.01,2177.89,2355.11,3.8,83.12,309.1,2.1
5688,0.922,-1.68,4.36,38.81,4.98,12.03,0.832550047,2092.76,2176.59,2404.1,8.89,100.79,311.34,1.7
5695,0.913,-1.67,4.43,40.84,3.29,12.03,0.867733545,1946.82,2119.34,2255.08,0.26,87.45,308.26,1.6
5700,0.922,-1.68,4.36,38.1,5,11.47,2.512872574,2073.23,2176.59,2373.5,7.26,102.23,300.27,2.4
5702,0.918,-1.69,4.35,37.04,5,10.42,2.125748109,2073.23,2086.29,2373.5,6.05,103.28,300.27,2.1
5705,0.909,-1.67,4.43,39.46,3.21,12.18,0.551276836,2022.7,2051.8,2327.37,0.37,86.6,304.67,2.1
5717,0.918,-1.66,4.45,37.63,3.59,11.6,0.753753141,2128.33,2228.46,2425.38,4.81,86.03,297.05,1.6
5726,0.914,-1.67,4.44,39.63,3.23,12.15,0.494779124,2022.7,2131.78,2331.67,0.59,86.2,308.97,1.7
5728,0.91,-1.66,4.45,40.16,3.19,12.07,0.284552674,2044.88,2124.33,2349.98,0.92,84.09,305.1,1.8
5733,0.921,-1.61,4.49,43.83,2.79,12.15,3.354550492,1995.75,2128.51,2299.62,0.51,76.25,303.87,2.3
5739,0.913,-1.7,4.32,32.1,5.06,11.67,1.325821819,1877.47,1905.76,2192.98,1.26,107.5,315.51,1.4
5742,0.916,-1.69,4.37,36.65,4.13,11.37,1.304067364,1999.16,2058.44,2306.74,1.56,99.19,307.58,1.8
5751,0.916,-1.67,4.45,38.09,3.23,13.02,0.365211118,2022.7,2131.78,2331.67,0.64,85.69,308.97,1.6
5752,0.908,-1.64,4.46,36.61,3.19,12.02,1.106794164,2051.17,2126.67,2356.06,1.14,82.03,304.89,2
5755,0.922,-1.68,4.35,38.1,5,12.56,2.638156197,2073.23,2176.59,2376.13,7.47,102.08,302.9,3.2
5758,0.918,-1.69,4.34,37.04,5,11.82,2.158142578,2010.47,2086.29,2312.26,5.77,103.56,301.79,2.1
5762,0.915,-1.69,4.34,35.04,5.02,12.15,2.158142578,2010.47,2086.29,2315.71,4.44,104.73,305.24,2
5764,0.915,-1.69,4.34,34.54,4.93,12.12,1.220276636,1909.29,2046.31,2215.62,3.61,104.63,306.33,1.8
5765,0.915,-1.69,4.33,34.93,5.04,11.02,1.602603979,1877.47,1985.01,2192.28,2.83,106.26,314.81,1.5
5768,0.914,-1.66,4.46,37.69,3.22,13.03,0.469910435,2045.2,2177.89,2345.77,3.34,83.83,300.57,2.3
5772,0.921,-1.68,4.42,41.27,4.71,10.54,0.937611422,2019.14,2076.93,2266.83,8.61,93.28,247.69,1.6
5774,0.908,-1.66,4.45,40.16,3.19,12.75,0.284552674,2073.52,2124.33,2380.28,1.81,83.15,306.76,3
5780,0.922,-1.68,4.35,38.1,5,12.57,2.512872574,2073.23,2176.59,2373.5,7.1,102.39,300.27,1.5
5784,0.918,-1.69,4.34,37.04,5.02,11.82,2.158142578,2010.47,2086.29,2312.26,5.4,103.88,301.79,2.1
5785,0.915,-1.65,4.46,36.91,3.39,10.19,3.356123089,2105.44,2233.65,2403.23,7.8,83.99,297.79,1.8
5790,0.915,-1.69,4.35,37.55,4.93,10.79,1.225865755,2034.9,2046.31,2336.92,4.48,103.87,302.02,1.8
5793,0.913,-1.7,4.33,34.93,5.04,12.26,1.602603979,1877.47,1985.01,2192.28,2.55,106.45,314.81,1.5
5797,0.875,-1.2,4.64,46.62,1.93,14.6,0.887903605,2549.46,2610.52,2819.23,4.13,50.04,269.77,2
5800,0.915,-1.65,4.45,37.06,3.39,12.21,1.020600236,2105.44,2172.09,2404.17,6.4,85.24,298.73,2
5807,0.909,-1.63,4.47,37.57,3.18,11.62,3.343670357,2085.65,2150.49,2389.99,1.08,79.75,304.34,2.4
5817,0.922,-1.68,4.36,38.1,4.98,12.1,3.022208084,2092.76,2176.59,2395.66,8.52,101.12,302.9,1.7
5821,0.922,-1.68,4.38,36.89,4.62,8.47,4.421645018,2068.55,2148.27,2328.96,10.25,97.78,260.41,2.7
5822,0.913,-1.67,4.43,40.84,3.29,12.02,0.867733545,1946.82,2119.34,2255.08,0.15,87.76,308.26,1.7
5829,0.907,-1.61,4.5,35.65,3.19,10.45,4.08617402,2217.74,2281.65,2525.2,8.87,75.8,307.46,1.4
5838,0.906,-1.51,4.48,40.7,1.52,9.29,4.372358688,1970.03,2045.42,2258.56,0.59,76.04,288.53,2.1
5840,0.922,-1.68,4.36,38.1,4.98,12.46,3.022208084,2092.76,2176.59,2395.66,8.3,101.31,302.9,1.7
5844,0.922,-1.68,4.38,36.89,4.62,8.47,3.46762094,2068.55,2148.27,2328.96,9.87,98.11,260.41,2.7
5846,0.925,-1.39,4.51,38.75,2.4,15.93,1.83278287,1773.06,1974.52,2049.74,2.72,69.51,276.68,3
5847,0.913,-1.67,4.43,40.84,3.29,13.65,0.867733545,1946.82,2119.34,2254.21,0.62,88.11,307.39,1.6
5848,0.916,-1.63,4.49,39.6,3.21,9.54,3.950110345,2103.62,2288.55,2403.44,9.27,78.95,299.82,1.7
5851,0.922,-1.68,4.36,37.04,5,10.35,2.125748109,2073.23,2176.59,2373.5,6.84,102.59,300.27,2.4
5853,0.915,-1.69,4.34,35.04,5.02,11.53,2.158142578,2010.47,2086.29,2312.26,5.32,103.93,301.79,2.1
5854,0.91,-1.68,4.39,39.05,3.75,13.68,3.316910654,1863.48,1968.56,2168.81,2.06,94.76,305.33,2
5857,0.913,-1.69,4.37,38.4,3.91,14.07,1.923709638,1892.54,1941.36,2200.02,2.92,97.56,307.48,1.8
5860,0.921,-1.33,4.55,39.71,4.56,14.48,0.549967816,1874.5,2084.08,2143.33,2.38,62.73,268.83,2.2
5863,0.91,-1.67,4.41,40.71,3.24,13.71,0.421982824,1929.11,2017.36,2229.97,0.31,89.59,300.86,1.6
5879,0.922,-1.68,4.36,38.1,4.98,12.48,3.022208084,2092.76,2176.59,2395.66,8.27,101.36,302.9,3.2
5880,0.921,-1.68,4.42,41.27,4.71,10.55,0.937611422,2019.14,2076.93,2266.83,8.48,93.59,247.69,1.6
5882,0.922,-1.68,4.38,36.89,4.62,8.7,3.46762094,2008.87,2148.27,2269.28,9.53,98.43,260.41,2.2
5884,0.922,-1.68,4.34,37.04,5,11.35,2.125748109,2073.23,2176.59,2373.5,6.71,102.74,300.27,1.5
5888,0.915,-1.69,4.34,35.04,5.02,11.72,2.158142578,2010.47,2086.29,2312.26,5.21,104.05,301.79,2
5891,0.909,-1.67,4.43,40.64,3.26,14.36,0.909127687,1924.89,2051.8,2227.19,0.6,87.58,302.3,2.7
5897,0.915,-1.67,4.43,38.73,3.49,10.95,2.184163042,2006.41,2177.89,2306.38,4.37,88.23,299.97,2
5906,0.911,-1.67,4.43,40.63,3.27,12.74,1.380266235,1946.82,2119.34,2255.08,0.66,87.43,308.26,1.7
5907,0.922,-1.68,4.35,38.1,4.98,12.51,3.022208084,2073.23,2176.59,2376.13,7.87,101.72,302.9,3.2
5910,0.91,-1.66,4.45,40.16,3.19,13.1,0.284552674,2044.88,2124.33,2349.98,0.99,83.9,305.1,1.6
5911,0.922,-1.68,4.37,36.89,4.62,8.14,3.46762094,2008.87,2148.27,2269.28,9.42,98.52,260.41,2.2
5916,0.921,-1.61,4.5,43.83,2.79,12.1,1.415355817,1995.75,2156.69,2299.62,1.05,75.54,303.87,2.3
5918,0.917,-1.69,4.33,38.53,5.24,10.86,1.872279844,2058.01,2103.34,2374.74,5.19,104.93,316.73,1.5
5921,0.92,-1.68,4.34,37.04,5,11.38,2.125748109,2073.23,2086.29,2373.5,6.32,103.07,300.27,1.5
5925,0.915,-1.69,4.34,35.04,5.02,11.79,2.158142578,2010.47,2086.29,2312.26,4.84,104.37,301.79,2
5930,0.918,-1.68,4.37,31.91,4.62,12.43,3.322256736,1887.3,1986.66,2169.6,4.85,101.24,282.3,1.8
5933,0.915,-1.69,4.33,34.93,5.04,12.19,1.602603979,1877.47,1985.01,2182.71,3.27,105.75,305.24,1.8
5935,0.913,-1.7,4.32,32.1,5.06,12.93,1.325821819,1877.47,1905.76,2192.98,1.54,107.26,315.51,1.4
5941,0.916,-1.69,4.34,35.97,6.67,11.31,1.213097804,2008.81,2091.34,2324.23,4.8,105.78,315.42,2
5942,0.926,-1.65,4.47,44.04,3.5,12.24,0.15363466,2124.24,2289.9,2418.54,2.49,83.04,294.3,1.5
5945,0.911,-1.68,4.43,40.63,3.27,12,0.808545613,1946.82,2104.43,2256.19,0.61,87.86,309.37,1.7
5949,0.909,-1.63,4.48,38.84,3.16,11.44,3.625946155,2121.75,2150.49,2425.1,2.24,78.22,303.35,2.3
5959,0.91,-1.68,4.43,40.54,3.33,12.82,1.778321179,1983.45,2104.43,2285.06,0.61,88.52,301.61,1.7
5964,0.92,-1.66,4.45,37.58,3.6,11.53,0.753753141,2044.44,2228.46,2342.91,5.89,87.35,298.47,2.4
5965,0.923,-1.68,4.43,36.64,4,12.16,0.448919567,2000.14,2208.58,2297.03,2.16,90.62,296.89,1.9
5978,0.922,-1.68,4.36,38.1,4.98,12.49,3.022208084,2073.23,2176.59,2376.13,7.93,101.64,302.9,1.7
5980,0.91,-1.68,4.43,40.54,3.33,13.71,0.880610398,1983.45,2104.43,2285.06,0.51,89.21,301.61,2.1
5988,0.925,-1.39,4.5,38.75,2.4,16.01,1.83278287,1773.06,1893.96,2049.74,2.42,69.75,276.68,3
5989,0.913,-1.67,4.43,40.84,3.29,13.31,0.867733545,1946.82,2119.34,2254.21,0.52,88.18,307.39,1.6
5991,0.912,-1.69,4.33,37.17,5.37,11.47,1.059626869,1996.27,2071.2,2311.6,4.37,106.26,315.33,2
5993,0.922,-1.68,4.35,37.04,5,10.38,2.125748109,2073.23,2086.29,2373.5,6.45,102.93,300.27,2.4
5996,0.915,-1.69,4.34,35.04,5.02,11.57,2.158142578,2010.47,2086.29,2312.26,4.93,104.26,301.79,2.1
6000,0.912,-1.51,4.49,40.7,1.52,9.07,4.557316518,1966.79,2128.11,2255.89,0.73,75.01,289.1,2.5
6004,0.914,-1.66,4.46,37.23,3.2,12.66,0.550694598,2046.01,2177.89,2355.11,4.06,82.74,309.1,2.1
6005,0.911,-1.67,4.41,41.05,3.28,13.28,0.421982824,1929.11,2017.36,2229.97,0.74,89.93,300.86,1.6
6010,1.015,-0.86,4.83,49.36,9.48,12.49,1.077882252,2273.8,2466.3,2660.96,5.04,25.71,387.16,1.5
6011,1.002,-0.91,4.5,39.26,7.88,13.68,0.744020796,1898.55,1910.7,2188.26,1.82,27.85,289.71,2
6012,0.996,-0.91,4.42,39.03,6.03,10.68,2.816229171,1943.53,2016.5,2222.01,3.28,16.19,278.48,3.4
6017,0.998,-1.04,4.44,46.72,2.77,12.7,1.04687158,1966.09,2025.26,2249.16,2.09,9.38,283.07,2.4
6018,1.004,-0.87,4.79,50.25,8.18,11.59,1.77594537,2207.52,2422.2,2618.16,9.63,24.59,410.64,1.5
6020,0.99,-1.06,4.39,27.47,1.81,11,1.121458575,1744.16,1897.44,2014.13,3.93,3.34,269.97,2.8
6021,0.998,-0.91,4.44,41.57,5.31,8.61,1.733137054,1896.71,1984.3,2187.46,0.44,6.95,290.75,2.5
6023,0.992,-0.94,4.45,41.97,4.19,10.61,3.137397174,1912.29,1991.03,2187.84,1.18,2.67,275.55,1.7
6039,0.988,-0.89,4.75,46.67,8.8,12.31,1.089263689,2197.69,2331.74,2541.92,0.81,1.6,344.23,1.7
6040,0.983,-1.07,4.47,43.59,1.94,12.16,1.48811998,1841.3,1917.4,2127.88,1.79,18.99,286.58,3.6
6045,1.005,-0.9,4.45,41.24,6.65,11.99,3.932977071,1850.64,1925.26,2139.16,1.28,18.04,288.52,2.1
6063,1.006,-0.9,4.44,40.67,6.5,12.68,3.534523405,1828.61,1916.99,2115.24,0.06,15.93,286.63,2
6068,0.986,-1.09,4.46,43.69,1.48,11.84,1.244158581,1725.51,1853.96,2001.34,5.09,18.57,275.83,2.2
6070,0.992,-1.06,4.36,39.81,2.3,12.61,1.602320917,1782.15,1867.76,2039.05,0.52,4.77,256.9,1.7
6075,0.99,-1.08,4.52,47.59,2.16,10.21,1.310337459,1959.48,2086.56,2269.12,0.1,27.12,309.64,1.8
6079,0.978,-1.05,4.17,30.63,3.81,13.19,2.212693863,1557.15,1631.93,1824.93,2.96,45.22,267.78,1.6
6082,0.989,-1.37,4.38,37.58,1.62,9.36,2.358124574,1688.16,1804.48,1977.82,2.64,13.31,289.66,1.6
6090,0.996,-0.91,4.44,43.07,6.03,11.78,2.454373123,1912.95,1974.81,2195.89,1.06,13.32,282.94,3.2
6093,0.993,-1.07,4.54,48.48,2.47,10.5,1.594495295,2004.83,2120.08,2324.38,1.33,31.95,319.55,1.6
6097,1.011,-0.91,4.59,41.02,7.27,11.77,1.602326559,1859.89,1968.76,2178.8,3.79,7.5,318.91,1.8
6098,1.005,-0.9,4.44,41.24,6.73,12.89,3.932977071,1958.51,2034.97,2247.03,1.16,18.8,288.52,2.1
6111,1.01,-0.89,4.73,48.31,8.62,14.26,0.560551554,2188.31,2266,2516.2,0.29,6.41,327.89,1.8
6112,1.013,-0.87,4.82,57.14,8.21,9.71,1.688153679,2533.7,2552.16,2948.14,5.31,31.49,414.44,2.3
6114,0.998,-1.05,4.46,48.97,2.88,12.46,1.204433483,1942.24,2064.44,2224.08,3.55,12.4,281.84,2.8
6121,0.982,-0.9,4.77,46.68,8.95,12.77,0.586218911,2197.13,2446.78,2549.34,0.97,2.47,352.21,2.3
6125,1.002,-0.92,4.75,49.87,8.75,13.37,1.08227918,2266.94,2330,2619.08,1.7,5.63,352.14,2
6130,0.997,-0.9,4.42,38.17,6.36,11.55,3.76389753,1946.83,1993.54,2222.98,3,18.86,276.15,2.1
6134,0.998,-0.91,4.41,38.03,5.47,11.77,3.891512574,1856.2,1917.45,2146.45,0.43,12.8,290.25,1.5
6142,1.012,-0.9,4.49,41.13,7,16.42,0.91436444,1987.45,2000.9,2276.32,0.86,16.54,288.87,2.5
6144,1.01,-0.91,4.4,42.04,7.3,14.08,1.597287233,1836.99,1912.96,2128.14,1.15,31.37,291.15,2.2
6147,0.991,-1.06,4.43,44.66,2.02,11.04,0.769935091,1957.94,2062.9,2238.25,0.83,9.52,280.31,1.4
6155,0.99,-0.89,4.74,45.55,8.53,12.82,1.401624479,2106.3,2241.3,2446.49,2.47,0.15,340.19,2
6164,1.006,-0.9,4.45,40.67,6.42,13.14,3.340056532,1828.61,1916.99,2115.24,0.02,15.23,286.63,1.9
6179,0.979,-1.14,4.41,36.94,0.04,10.89,2.514145247,1786.89,1822.65,2077.23,0.57,15.18,290.34,2
6180,1.011,-0.91,4.5,41.66,7.13,12.88,0.863628679,1940.9,2002.45,2228.08,0.02,17.21,287.18,2.5
6181,0.992,-1.06,4.56,46.18,2.81,10.85,1.139019493,2022.17,2138.7,2336.77,1.74,31.95,314.6,1.8
6188,0.997,-0.9,4.42,38.17,6.45,11.6,4.130415752,1825.25,1993.54,2100.6,2.99,19.47,275.35,4.6
6194,0.996,-0.91,4.44,43.07,6.03,11.69,3.103836076,1912.95,1974.81,2196.33,0.49,12.65,283.38,2.5
6198,0.989,-0.94,4.4,44.39,4.22,13.7,1.287360097,1740.24,1844.16,2014.84,2.95,7.9,274.6,1.9
6199,1.012,-0.9,4.49,41.13,6.97,17.09,0.91436444,1987.45,2000.9,2276.32,0.35,15.96,288.87,2.5
6202,0.99,-1.08,4.51,35.06,1.57,10.25,2.1032525,1785.52,1938.65,2102.18,1.06,28.95,316.66,1.7
6204,0.922,-1.68,4.39,35.46,4.59,10.47,4.517981365,2068.55,2176.25,2350.2,11.86,96.4,281.65,1.9
6205,0.922,-1.68,4.36,38.81,4.98,12.34,0.832550047,2092.76,2190.9,2404.1,9.08,100.63,311.34,1.7
6207,0.913,-1.67,4.43,40.63,3.29,12.26,0.777588366,1946.82,2119.34,2255.08,0.34,87.39,308.26,1.6
6217,0.918,-1.66,4.45,37.63,3.59,12.37,0.753753141,2128.33,2228.46,2426.39,4.62,86.34,298.06,1.6
6220,0.914,-1.67,4.44,39.63,3.23,12.37,0.798969097,2022.7,2131.78,2331.67,0.6,86.03,308.97,2.1
6221,0.91,-1.66,4.45,40.16,3.2,12.51,0.284552674,2044.88,2124.33,2349.98,0.82,84.35,305.1,1.8
6224,0.924,-1.61,4.49,40.14,2.79,11.97,3.354550492,1995.75,2128.51,2299.39,0.37,76.43,303.64,2.3
6226,0.928,-1.64,4.48,44.04,3.51,12.84,0.197207184,2149.6,2289.9,2443.86,1.96,81.44,294.26,1.8
6227,0.913,-1.7,4.32,32.1,5.06,12.97,1.325821819,1877.47,1905.76,2193.35,1.11,107.69,315.88,1.4
6229,0.916,-1.69,4.37,36.65,4.13,11.65,1.304067364,1999.16,2058.44,2306.74,1.46,99.46,307.58,1.8
6233,0.916,-1.67,4.45,39.63,3.23,12.82,0.726106617,2022.7,2131.78,2331.67,0.63,85.86,308.97,2
6234,0.908,-1.64,4.46,37.4,3.19,12.73,1.106794164,2051.17,2126.67,2356.06,1.05,82.1,304.89,2
6238,0.915,-1.69,4.34,34.54,4.93,10.84,1.220276636,1909.29,2046.31,2215.62,3.7,104.54,306.33,1.8
6247,0.909,-1.63,4.47,37.57,3.18,11.44,3.343670357,2085.65,2150.49,2389.99,1.09,79.79,304.34,1.7
6263,0.913,-1.67,4.43,40.84,3.29,11.94,0.867733545,1946.82,2119.34,2255.08,0.39,87.93,308.26,1.6
6264,0.916,-1.63,4.49,39.6,3.21,9.93,3.950110345,2103.62,2288.55,2403.44,9.38,78.87,299.82,1.7
6273,0.914,-1.66,4.45,38.22,3.32,12.26,1.017549901,2048.56,2168.12,2349.46,4.3,85.23,300.9,2.3
6277,0.922,-1.68,4.36,38.1,4.98,11.52,3.022208084,2092.76,2176.59,2395.66,8.3,101.37,302.9,3.2
6279,0.909,-1.67,4.42,40.64,3.26,13.91,0.909127687,1924.89,2051.8,2227.19,0.69,87.64,302.3,2.7
6283,0.91,-1.66,4.45,40.16,3.19,12.02,0.284552674,2044.88,2124.33,2349.98,1.17,83.66,305.1,1.8
6292,0.916,-1.69,4.33,35.97,6.67,11.15,1.213097804,2008.81,2091.34,2324.23,4.4,106.11,315.42,2
6293,0.926,-1.65,4.47,40.52,3.6,12.58,0.15363466,2124.24,2289.9,2418.54,2.35,83.1,294.3,1.5
6295,0.911,-1.68,4.43,40.54,3.33,12.84,0.808545613,2047.41,2104.43,2356.78,0.73,88.11,309.37,1.7
6304,0.92,-1.66,4.45,37.58,3.6,11.14,0.753753141,2044.44,2228.46,2342.91,5.89,87.35,298.47,2.4
6311,0.91,-1.68,4.43,40.54,3.33,12.17,1.523425446,1983.45,2104.43,2285.06,0.6,88.7,301.61,2.1
6316,0.913,-1.67,4.42,40.84,3.29,14.12,0.362991403,1946.82,2119.34,2254.21,0.37,88.29,307.39,1.6
6322,1.015,-0.86,4.83,49.36,9.48,12.97,1.077882252,2273.8,2466.3,2660.96,5.34,25.39,387.16,1.5
6325,1.004,-0.87,4.79,50.25,8.18,12.51,1.77594537,2284.59,2422.2,2695.23,9.62,24.58,410.64,1.5
6326,0.997,-0.91,4.43,43.38,5.4,7.95,1.733137054,1965.49,1989.96,2256.24,0.95,7.52,290.75,2.5
6335,1.005,-0.9,4.45,41.24,6.65,12.88,3.932977071,1850.64,1925.26,2139.16,1.3,18,288.52,2.1
6345,0.992,-1.08,4.52,46.67,2.16,10.18,1.310337459,1959.48,2086.56,2269.12,0.01,27.59,309.64,1.7
6347,0.978,-1.04,4.17,30.63,3.94,12.62,2.083053715,1557.15,1631.93,1824.93,2.86,45.51,267.78,1.6
6349,0.985,-1.37,4.38,37.58,1.62,10.21,2.358124574,1688.16,1804.48,1977.82,2.72,13.37,289.66,1.6
6353,0.996,-0.91,4.43,43.07,6.03,11.31,2.604251887,1912.95,1974.81,2195.89,1.26,13.56,282.94,3.2
6355,0.993,-1.08,4.51,35.06,1.57,10.23,2.1032525,1785.52,1938.65,2102.18,1.66,29.56,316.66,1.7
6359,0.998,-1.05,4.46,48.97,2.81,11.81,1.204433483,1942.24,2064.44,2224.08,3.51,12.7,281.84,2.8
6364,1.012,-0.9,4.49,41.13,7,15.49,0.91436444,1987.45,2000.9,2276.32,0.82,16.55,288.87,2.5
6368,0.99,-0.89,4.74,45.55,8.53,13.89,1.401624479,2106.3,2241.3,2446.49,2.47,0.16,340.19,2
6374,0.992,-1.06,4.56,46.18,2.81,11.5,1.139019493,2022.17,2138.7,2336.77,1.74,31.94,314.6,1.8
6376,1.012,-0.9,4.49,41.13,6.97,16.14,0.91436444,1987.45,2000.9,2276.32,0.31,15.92,288.87,2.5
6378,0.913,-1.67,4.43,40.84,3.29,12.28,0.867733545,1946.82,2119.34,2255.08,0.17,87.51,308.26,1.6
6381,0.913,-1.66,4.44,40.6,3.32,11.94,0.69242531,2054.41,2134.45,2355.12,3.61,85.92,300.71,2.4
6382,0.914,-1.67,4.44,39.63,3.23,11.08,0.778566918,1946.82,2119.34,2255.08,0.56,86.59,308.26,4.5
6383,0.918,-1.66,4.45,37.63,3.59,11.22,0.753753141,2128.33,2228.46,2426.8,4.78,86.17,298.47,1.6
6384,0.914,-1.67,4.44,39.63,3.23,11.93,0.798969097,2022.7,2131.78,2331.67,0.61,86.03,308.97,2.1
6389,0.916,-1.67,4.45,38.09,3.23,13.42,0.365211118,2022.7,2131.78,2331.67,0.62,85.85,308.97,2.1
6391,0.908,-1.64,4.46,36.61,3.19,12.48,1.106794164,2051.17,2126.67,2356.06,1.16,82.01,304.89,2
6395,0.915,-1.65,4.45,37.06,3.39,12.19,0.835887176,2103.79,2172.09,2402.52,6.16,85.63,298.73,2
6397,0.909,-1.63,4.47,37.57,3.18,11.16,3.343670357,2085.65,2150.49,2389.99,1.25,79.62,304.34,1.7
6402,0.913,-1.67,4.43,40.84,3.29,13.57,0.867733545,1946.82,2119.34,2254.21,0.47,87.98,307.39,1.6
6405,0.925,-1.66,4.45,38.81,3.72,13.79,0.254697077,2119.84,2254.58,2413.82,1.08,86.29,293.98,2.1
6409,0.874,-1.2,4.64,46.62,1.93,15.43,0.648863005,2549.46,2610.52,2819.23,4.65,50.56,269.77,2
6410,0.914,-1.66,4.44,38.22,3.32,12.03,1.017549901,2054.41,2168.12,2355.31,4.19,85.4,300.9,2.3
6420,0.911,-1.68,4.43,40.63,3.27,13.2,0.808545613,2050.25,2104.43,2359.62,0.74,87.91,309.37,1.7
6426,0.92,-1.66,4.45,37.58,3.6,11.47,0.753753141,2044.44,2228.46,2342.91,5.96,86.9,298.47,2.4
6427,0.916,-1.66,4.44,38.62,3.32,11.81,1.017549901,2054.41,2168.12,2355.31,4.09,85.56,300.9,2.3
6432,0.91,-1.68,4.43,40.54,3.33,12.61,0.880610398,1983.45,2104.43,2285.06,0.59,88.89,301.61,2.1
6433,0.913,-1.68,4.42,40.84,3.29,13.43,0.362991403,1946.82,2119.34,2254.21,0.37,88.3,307.39,1.6
6445,0.981,-1.37,4.38,37.58,1.62,11,2.358124574,1688.16,1804.48,1977.82,2.69,13.7,289.66,1.6
6447,0.996,-0.91,4.43,41.83,6.03,12.12,2.604251887,1912.95,1974.81,2195.89,1.26,13.56,282.94,3.2
6451,1.012,-0.9,4.49,41.13,6.97,16.7,0.91436444,1987.45,2000.9,2276.32,0.61,16.25,288.87,2.5
6453,0.99,-0.89,4.74,45.55,8.53,13.32,1.401624479,2106.3,2241.3,2446.49,2.63,0.01,340.19,2
6454,0.913,-1.67,4.43,40.63,3.27,12.03,0.777588366,1946.82,2119.34,2255.08,0.41,87.34,308.26,1.6
6461,0.908,-1.64,4.46,37.4,3.19,12.26,1.106794164,2051.17,2126.67,2356.06,1.05,82.1,304.89,2
6465,0.909,-1.63,4.47,37.57,3.14,11.43,3.343670357,2085.65,2150.49,2389.99,1.39,79.43,304.34,1.7
6467,0.925,-1.66,4.45,38.44,3.72,12.98,0.266078871,2119.84,2207.8,2412.8,1.01,86.39,292.96,2.2
6468,0.913,-1.67,4.43,40.84,3.29,13.96,0.867733545,1946.82,2119.34,2254.21,0.55,88.04,307.39,1.6
6472,0.874,-1.2,4.64,46.62,1.93,15.1,0.887903605,2549.46,2610.52,2819.23,4.51,50.41,269.77,2
6474,0.918,-1.68,4.34,37.67,5.5,8.99,1.213097804,2027.69,2091.34,2343.58,5.93,104.83,315.89,2
6477,0.911,-1.68,4.43,40.63,3.27,13.47,0.808545613,1946.82,2104.43,2256.19,0.67,87.75,309.37,1.7
6482,0.913,-1.66,4.44,38.62,3.32,11.07,1.00757438,2054.41,2134.45,2355.31,3.98,85.76,300.9,2.4
6490,0.975,-0.9,4.8,51.33,9.37,11.68,0.906931556,2388.56,2494.18,2748.8,5.24,5.33,360.24,3.4
6492,1.012,-0.9,4.49,41.13,6.97,15.76,0.91436444,1987.45,2000.9,2276.32,0.59,16.23,288.87,2.5
6493,0.913,-1.67,4.43,40.84,3.29,11.81,0.867733545,1946.82,2119.34,2255.08,0.18,87.5,308.26,1.6
6501,0.913,-1.67,4.43,40.84,3.29,12.35,0.867733545,1946.82,2119.34,2255.08,0.23,87.81,308.26,1.6
6502,0.925,-1.66,4.46,38.81,3.72,14.07,0.266078871,2131.78,2254.58,2425.76,1.1,86.08,293.98,1.9
6504,0.874,-1.2,4.64,46.62,1.93,14.3,0.887903605,2549.46,2610.52,2819.23,4.4,50.31,269.77,2
6505,0.911,-1.68,4.43,40.63,3.33,12.03,0.808545613,1983.45,2104.43,2292.82,0.54,88.2,309.37,2.3
6507,0.926,-1.65,4.47,40.52,3.6,12.86,0.15363466,2124.24,2289.9,2418.54,2.23,83.21,294.3,1.5
6512,0.913,-1.67,4.43,40.63,3.29,11.82,0.777588366,1946.82,2119.34,2255.08,0.33,87.39,308.26,1.7
6516,0.913,-1.67,4.43,40.84,3.29,13.3,0.867733545,1946.82,2119.34,2254.21,0.55,88.05,307.39,1.6
6521,0.913,-1.67,4.43,40.84,3.29,11.74,0.867733545,1946.82,2119.34,2255.08,0.23,87.82,308.26,1.7
6525,0.913,-1.66,4.44,40.6,3.32,11.09,0.69242531,2054.41,2134.45,2355.12,3.56,86.03,300.71,2.4
6526,0.913,-1.67,4.43,40.63,3.27,11.1,0.777588366,1946.82,2119.34,2255.08,0.51,87.1,308.26,4.5
6527,0.91,-1.68,4.42,40.55,3.42,13.61,0.416159568,1983.45,2089.01,2285.93,0.57,89.43,302.48,2.1
6528,0.91,-1.68,4.42,40.55,3.42,14.56,0.533136809,1983.45,2089.01,2285.93,0.56,89.58,302.48,2.1
6529,0.91,-1.68,4.42,40.54,3.42,14.14,0.880610398,1983.45,2104.43,2285.06,0.57,89.34,301.61,2.1
